static const unsigned char data_index_html[] = {
	/* /index.html */
	0x2f, 0x69, 0x6e, 0x64, 0x65, 0x78, 0x2e, 0x68, 0x74, 0x6d, 0x6c, 0,
	0x48, 0x54, 0x54, 0x50, 0x2f, 0x31, 0x2e, 0x30, 0x20, 0x32, 
	0x30, 0x30, 0x20, 0x4f, 0x4b, 0xd, 0xa, 0x53, 0x65, 0x72, 
	0x76, 0x65, 0x72, 0x3a, 0x20, 0x6c, 0x77, 0x49, 0x50, 0x2f, 
	0x70, 0x72, 0x65, 0x2d, 0x30, 0x2e, 0x36, 0x20, 0x28, 0x68, 
	0x74, 0x74, 0x70, 0x3a, 0x2f, 0x2f, 0x77, 0x77, 0x77, 0x2e, 
	0x73, 0x69, 0x63, 0x73, 0x2e, 0x73, 0x65, 0x2f, 0x7e, 0x61, 
	0x64, 0x61, 0x6d, 0x2f, 0x6c, 0x77, 0x69, 0x70, 0x2f, 0x29, 
	0xd, 0xa, 0x43, 0x6f, 0x6e, 0x74, 0x65, 0x6e, 0x74, 0x2d, 
	0x74, 0x79, 0x70, 0x65, 0x3a, 0x20, 0x74, 0x65, 0x78, 0x74, 
	0x2f, 0x68, 0x74, 0x6d, 0x6c, 0xd, 0xa, 0xd, 0xa, 0x3c, 
	0x21, 0x44, 0x4f, 0x43, 0x54, 0x59, 0x50, 0x45, 0x20, 0x68, 
	0x74, 0x6d, 0x6c, 0x20, 0x50, 0x55, 0x42, 0x4c, 0x49, 0x43, 
	0x20, 0x22, 0x2d, 0x2f, 0x2f, 0x57, 0x33, 0x43, 0x2f, 0x2f, 
	0x44, 0x54, 0x44, 0x20, 0x48, 0x54, 0x4d, 0x4c, 0x20, 0x34, 
	0x2e, 0x30, 0x31, 0x2f, 0x2f, 0x45, 0x4e, 0x22, 0x20, 0x22, 
	0x68, 0x74, 0x74, 0x70, 0x3a, 0x2f, 0x2f, 0x77, 0x77, 0x77, 
	0x2e, 0x77, 0x33, 0x2e, 0x6f, 0x72, 0x67, 0x2f, 0x54, 0x52, 
	0x2f, 0x68, 0x74, 0x6d, 0x6c, 0x34, 0x2f, 0x73, 0x74, 0x72, 
	0x69, 0x63, 0x74, 0x2e, 0x64, 0x74, 0x64, 0x22, 0x3e, 0xa, 
	0x3c, 0x68, 0x74, 0x6d, 0x6c, 0x3e, 0xa, 0x3c, 0x68, 0x65, 
	0x61, 0x64, 0x3e, 0xa, 0x20, 0x20, 0x20, 0x20, 0x3c, 0x74, 
	0x69, 0x74, 0x6c, 0x65, 0x3e, 0x53, 0x54, 0x4d, 0x33, 0x32, 
	0x48, 0x37, 0x20, 0x43, 0x41, 0x4e, 0x20, 0x73, 0x6e, 0x69, 
	0x66, 0x66, 0x65, 0x72, 0x3c, 0x2f, 0x74, 0x69, 0x74, 0x6c, 
	0x65, 0x3e, 0xa, 0xa, 0x20, 0x20, 0x20, 0x20, 0x3c, 0x6d, 
	0x65, 0x74, 0x61, 0x20, 0x68, 0x74, 0x74, 0x70, 0x2d, 0x65, 
	0x71, 0x75, 0x69, 0x76, 0x3d, 0x22, 0x43, 0x6f, 0x6e, 0x74, 
	0x65, 0x6e, 0x74, 0x2d, 0x54, 0x79, 0x70, 0x65, 0x22, 0x20, 
	0x63, 0x6f, 0x6e, 0x74, 0x65, 0x6e, 0x74, 0x3d, 0x22, 0x74, 
	0x65, 0x78, 0x74, 0x2f, 0x68, 0x74, 0x6d, 0x6c, 0x3b, 0x20, 
	0x63, 0x68, 0x61, 0x72, 0x73, 0x65, 0x74, 0x3d, 0x77, 0x69, 
	0x6e, 0x64, 0x6f, 0x77, 0x73, 0x2d, 0x31, 0x32, 0x35, 0x32, 
	0x22, 0x3e, 0xa, 0x20, 0x20, 0x20, 0x20, 0x3c, 0x6d, 0x65, 
	0x74, 0x61, 0x20, 0x63, 0x6f, 0x6e, 0x74, 0x65, 0x6e, 0x74, 
	0x3d, 0x22, 0x4d, 0x53, 0x48, 0x54, 0x4d, 0x4c, 0x20, 0x36, 
	0x2e, 0x30, 0x30, 0x2e, 0x32, 0x38, 0x30, 0x30, 0x2e, 0x31, 
	0x35, 0x36, 0x31, 0x22, 0x20, 0x6e, 0x61, 0x6d, 0x65, 0x3d, 
	0x22, 0x47, 0x45, 0x4e, 0x45, 0x52, 0x41, 0x54, 0x4f, 0x52, 
	0x22, 0x3e, 0xa, 0x20, 0x20, 0x20, 0x20, 0x3c, 0x73, 0x74, 
	0x79, 0x6c, 0x65, 0x20, 0x3d, 0x22, 0x66, 0x6f, 0x6e, 0x74, 
	0x2d, 0x77, 0x65, 0x69, 0x67, 0x68, 0x74, 0x3a, 0x20, 0x6e, 
	0x6f, 0x72, 0x6d, 0x61, 0x6c, 0x3b, 0x20, 0x66, 0x6f, 0x6e, 
	0x74, 0x2d, 0x66, 0x61, 0x6d, 0x69, 0x6c, 0x79, 0x3a, 0x20, 
	0x56, 0x65, 0x72, 0x64, 0x61, 0x6e, 0x61, 0x3b, 0x22, 0x3e, 
	0x3c, 0x2f, 0x73, 0x74, 0x79, 0x6c, 0x65, 0x3e, 0xa, 0x3c, 
	0x2f, 0x68, 0x65, 0x61, 0x64, 0x3e, 0xa, 0x3c, 0x62, 0x6f, 
	0x64, 0x79, 0x3e, 0xa, 0x20, 0x20, 0x20, 0x20, 0x3c, 0x68, 
	0x34, 0x3e, 0xa, 0x20, 0x20, 0x20, 0x20, 0x20, 0x20, 0x20, 
	0x20, 0x3c, 0x62, 0x69, 0x67, 0x20, 0x73, 0x74, 0x79, 0x6c, 
	0x65, 0x3d, 0x22, 0x66, 0x6f, 0x6e, 0x74, 0x2d, 0x77, 0x65, 
	0x69, 0x67, 0x68, 0x74, 0x3a, 0x20, 0x62, 0x6f, 0x6c, 0x64, 
	0x3b, 0x22, 0x3e, 0xa, 0x20, 0x20, 0x20, 0x20, 0x20, 0x20, 
	0x20, 0x20, 0x20, 0x20, 0x20, 0x20, 0x3c, 0x73, 0x74, 0x72, 
	0x6f, 0x6e, 0x67, 0x20, 0x73, 0x74, 0x79, 0x6c, 0x65, 0x3d, 
	0x22, 0x63, 0x6f, 0x6c, 0x6f, 0x72, 0x3a, 0x20, 0x72, 0x67, 
	0x62, 0x28, 0x30, 0x2c, 0x20, 0x30, 0x2c, 0x20, 0x30, 0x29, 
	0x3b, 0x22, 0x3e, 0xa, 0x20, 0x20, 0x20, 0x20, 0x20, 0x20, 
	0x20, 0x20, 0x20, 0x20, 0x20, 0x20, 0x20, 0x20, 0x20, 0x20, 
	0x3c, 0x73, 0x70, 0x61, 0x6e, 0x20, 0x73, 0x74, 0x79, 0x6c, 
	0x65, 0x3d, 0x22, 0x66, 0x6f, 0x6e, 0x74, 0x2d, 0x73, 0x74, 
	0x79, 0x6c, 0x65, 0x3a, 0x20, 0x69, 0x74, 0x61, 0x6c, 0x69, 
	0x63, 0x3b, 0x22, 0x3e, 0x53, 0x54, 0x4d, 0x33, 0x32, 0x48, 
	0x37, 0x20, 0x43, 0x41, 0x4e, 0x20, 0x73, 0x6e, 0x69, 0x66, 
	0x66, 0x65, 0x72, 0x3c, 0x2f, 0x73, 0x70, 0x61, 0x6e, 0x3e, 
	0xa, 0x20, 0x20, 0x20, 0x20, 0x20, 0x20, 0x20, 0x20, 0x20, 
	0x20, 0x20, 0x20, 0x3c, 0x2f, 0x73, 0x74, 0x72, 0x6f, 0x6e, 
	0x67, 0x3e, 0xa, 0x20, 0x20, 0x20, 0x20, 0x20, 0x20, 0x20, 
	0x20, 0x3c, 0x2f, 0x62, 0x69, 0x67, 0x3e, 0xa, 0x20, 0x20, 
	0x20, 0x20, 0x3c, 0x2f, 0x68, 0x34, 0x3e, 0xa, 0x20, 0x20, 
	0x20, 0x20, 0x3c, 0x74, 0x61, 0x62, 0x6c, 0x65, 0x20, 0x73, 
	0x74, 0x79, 0x6c, 0x65, 0x3d, 0x22, 0x77, 0x69, 0x64, 0x74, 
	0x68, 0x3a, 0x20, 0x39, 0x36, 0x31, 0x70, 0x78, 0x3b, 0x20, 
	0x68, 0x65, 0x69, 0x67, 0x68, 0x74, 0x3a, 0x20, 0x33, 0x30, 
	0x70, 0x78, 0x3b, 0x22, 0x20, 0x62, 0x6f, 0x72, 0x64, 0x65, 
	0x72, 0x3d, 0x22, 0x30, 0x22, 0x20, 0x63, 0x65, 0x6c, 0x6c, 
	0x70, 0x61, 0x64, 0x64, 0x69, 0x6e, 0x67, 0x3d, 0x22, 0x32, 
	0x22, 0x20, 0x63, 0x65, 0x6c, 0x6c, 0x73, 0x70, 0x61, 0x63, 
	0x69, 0x6e, 0x67, 0x3d, 0x22, 0x32, 0x22, 0x3e, 0xa, 0x20, 
	0x20, 0x20, 0x20, 0x20, 0x20, 0x20, 0x20, 0x3c, 0x74, 0x62, 
	0x6f, 0x64, 0x79, 0x3e, 0xa, 0x20, 0x20, 0x20, 0x20, 0x20, 
	0x20, 0x20, 0x20, 0x20, 0x20, 0x20, 0x20, 0x3c, 0x74, 0x72, 
	0x3e, 0xa, 0x20, 0x20, 0x20, 0x20, 0x20, 0x20, 0x20, 0x20, 
	0x20, 0x20, 0x20, 0x20, 0x20, 0x20, 0x20, 0x20, 0x3c, 0x74, 
	0x64, 0x20, 0x73, 0x74, 0x79, 0x6c, 0x65, 0x3d, 0x22, 0x66, 
	0x6f, 0x6e, 0x74, 0x2d, 0x66, 0x61, 0x6d, 0x69, 0x6c, 0x79, 
	0x3a, 0x20, 0x56, 0x65, 0x72, 0x64, 0x61, 0x6e, 0x61, 0x3b, 
	0x20, 0x66, 0x6f, 0x6e, 0x74, 0x2d, 0x77, 0x65, 0x69, 0x67, 
	0x68, 0x74, 0x3a, 0x20, 0x62, 0x6f, 0x6c, 0x64, 0x3b, 0x20, 
	0x66, 0x6f, 0x6e, 0x74, 0x2d, 0x73, 0x74, 0x79, 0x6c, 0x65, 
	0x3a, 0x20, 0x69, 0x74, 0x61, 0x6c, 0x69, 0x63, 0x3b, 0x20, 
	0x62, 0x61, 0x63, 0x6b, 0x67, 0x72, 0x6f, 0x75, 0x6e, 0x64, 
	0x2d, 0x63, 0x6f, 0x6c, 0x6f, 0x72, 0x3a, 0x20, 0x72, 0x67, 
	0x62, 0x28, 0x32, 0x35, 0x35, 0x2c, 0x20, 0x32, 0x35, 0x35, 
	0x2c, 0x20, 0x32, 0x35, 0x35, 0x29, 0x3b, 0x20, 0x74, 0x65, 
	0x78, 0x74, 0x2d, 0x61, 0x6c, 0x69, 0x67, 0x6e, 0x3a, 0x20, 
	0x63, 0x65, 0x6e, 0x74, 0x65, 0x72, 0x3b, 0x22, 0x3e, 0xa, 
	0x20, 0x20, 0x20, 0x20, 0x20, 0x20, 0x20, 0x20, 0x20, 0x20, 
	0x20, 0x20, 0x20, 0x20, 0x20, 0x20, 0x20, 0x20, 0x20, 0x20, 
	0x3c, 0x61, 0x20, 0x68, 0x72, 0x65, 0x66, 0x3d, 0x22, 0x2f, 
	0x69, 0x6e, 0x64, 0x65, 0x78, 0x2e, 0x68, 0x74, 0x6d, 0x6c, 
	0x22, 0x3e, 0xa, 0x20, 0x20, 0x20, 0x20, 0x20, 0x20, 0x20, 
	0x20, 0x20, 0x20, 0x20, 0x20, 0x20, 0x20, 0x20, 0x20, 0x20, 
	0x20, 0x20, 0x20, 0x20, 0x20, 0x20, 0x20, 0x3c, 0x73, 0x70, 
	0x61, 0x6e, 0x20, 0x73, 0x74, 0x79, 0x6c, 0x65, 0x3d, 0x22, 
	0x63, 0x6f, 0x6c, 0x6f, 0x72, 0x3a, 0x20, 0x72, 0x67, 0x62, 
	0x28, 0x30, 0x2c, 0x20, 0x30, 0x2c, 0x20, 0x30, 0x29, 0x3b, 
	0x22, 0x3e, 0x48, 0x6f, 0x6d, 0x65, 0xa, 0x20, 0x20, 0x20, 
	0x20, 0x20, 0x20, 0x20, 0x20, 0x20, 0x20, 0x20, 0x20, 0x20, 
	0x20, 0x20, 0x20, 0x20, 0x20, 0x20, 0x20, 0x20, 0x20, 0x20, 
	0x20, 0x70, 0x61, 0x67, 0x65, 0x3c, 0x2f, 0x73, 0x70, 0x61, 
	0x6e, 0x3e, 0xa, 0x20, 0x20, 0x20, 0x20, 0x20, 0x20, 0x20, 
	0x20, 0x20, 0x20, 0x20, 0x20, 0x20, 0x20, 0x20, 0x20, 0x20, 
	0x20, 0x20, 0x20, 0x3c, 0x2f, 0x61, 0x3e, 0xa, 0x20, 0x20, 
	0x20, 0x20, 0x20, 0x20, 0x20, 0x20, 0x20, 0x20, 0x20, 0x20, 
	0x20, 0x20, 0x20, 0x20, 0x3c, 0x2f, 0x74, 0x64, 0x3e, 0xa, 
	0x20, 0x20, 0x20, 0x20, 0x20, 0x20, 0x20, 0x20, 0x20, 0x20, 
	0x20, 0x20, 0x20, 0x20, 0x20, 0x20, 0x3c, 0x74, 0x64, 0x20, 
	0x73, 0x74, 0x79, 0x6c, 0x65, 0x3d, 0x22, 0x66, 0x6f, 0x6e, 
	0x74, 0x2d, 0x66, 0x61, 0x6d, 0x69, 0x6c, 0x79, 0x3a, 0x20, 
	0x56, 0x65, 0x72, 0x64, 0x61, 0x6e, 0x61, 0x3b, 0x20, 0x66, 
	0x6f, 0x6e, 0x74, 0x2d, 0x77, 0x65, 0x69, 0x67, 0x68, 0x74, 
	0x3a, 0x20, 0x62, 0x6f, 0x6c, 0x64, 0x3b, 0x20, 0x66, 0x6f, 
	0x6e, 0x74, 0x2d, 0x73, 0x74, 0x79, 0x6c, 0x65, 0x3a, 0x20, 
	0x69, 0x74, 0x61, 0x6c, 0x69, 0x63, 0x3b, 0x20, 0x62, 0x61, 
	0x63, 0x6b, 0x67, 0x72, 0x6f, 0x75, 0x6e, 0x64, 0x2d, 0x63, 
	0x6f, 0x6c, 0x6f, 0x72, 0x3a, 0x20, 0x72, 0x67, 0x62, 0x28, 
	0x32, 0x35, 0x35, 0x2c, 0x20, 0x32, 0x35, 0x35, 0x2c, 0x20, 
	0x32, 0x35, 0x35, 0x29, 0x3b, 0x20, 0x74, 0x65, 0x78, 0x74, 
	0x2d, 0x61, 0x6c, 0x69, 0x67, 0x6e, 0x3a, 0x20, 0x63, 0x65, 
	0x6e, 0x74, 0x65, 0x72, 0x3b, 0x22, 0x3e, 0xa, 0x20, 0x20, 
	0x20, 0x20, 0x20, 0x20, 0x20, 0x20, 0x20, 0x20, 0x20, 0x20, 
	0x20, 0x20, 0x20, 0x20, 0x20, 0x20, 0x20, 0x20, 0x3c, 0x61, 
	0x20, 0x68, 0x72, 0x65, 0x66, 0x3d, 0x22, 0x2f, 0x63, 0x61, 
	0x6e, 0x2e, 0x73, 0x68, 0x74, 0x6d, 0x6c, 0x22, 0x3e, 0xa, 
	0x20, 0x20, 0x20, 0x20, 0x20, 0x20, 0x20, 0x20, 0x20, 0x20, 
	0x20, 0x20, 0x20, 0x20, 0x20, 0x20, 0x20, 0x20, 0x20, 0x20, 
	0x20, 0x20, 0x20, 0x20, 0x3c, 0x73, 0x70, 0x61, 0x6e, 0x20, 
	0x73, 0x74, 0x79, 0x6c, 0x65, 0x3d, 0x22, 0x63, 0x6f, 0x6c, 
	0x6f, 0x72, 0x3a, 0x20, 0x72, 0x67, 0x62, 0x28, 0x30, 0x2c, 
	0x20, 0x30, 0x2c, 0x20, 0x30, 0x29, 0x3b, 0x22, 0x3e, 0x43, 
	0x41, 0x4e, 0x20, 0x73, 0x65, 0x74, 0x75, 0x70, 0xa, 0x20, 
	0x20, 0x20, 0x20, 0x20, 0x20, 0x20, 0x20, 0x20, 0x20, 0x20, 
	0x20, 0x20, 0x20, 0x20, 0x20, 0x20, 0x20, 0x20, 0x20, 0x20, 
	0x20, 0x20, 0x20, 0x3c, 0x2f, 0x73, 0x70, 0x61, 0x6e, 0x3e, 
	0xa, 0x20, 0x20, 0x20, 0x20, 0x20, 0x20, 0x20, 0x20, 0x20, 
	0x20, 0x20, 0x20, 0x20, 0x20, 0x20, 0x20, 0x20, 0x20, 0x20, 
	0x20, 0x3c, 0x2f, 0x61, 0x3e, 0xa, 0x20, 0x20, 0x20, 0x20, 
	0x20, 0x20, 0x20, 0x20, 0x20, 0x20, 0x20, 0x20, 0x20, 0x20, 
	0x20, 0x20, 0x3c, 0x2f, 0x74, 0x64, 0x3e, 0xa, 0x20, 0x20, 
	0x20, 0x20, 0x20, 0x20, 0x20, 0x20, 0x20, 0x20, 0x20, 0x20, 
	0x20, 0x20, 0x20, 0x20, 0x3c, 0x74, 0x64, 0x20, 0x73, 0x74, 
	0x79, 0x6c, 0x65, 0x3d, 0x22, 0x66, 0x6f, 0x6e, 0x74, 0x2d, 
	0x66, 0x61, 0x6d, 0x69, 0x6c, 0x79, 0x3a, 0x20, 0x56, 0x65, 
	0x72, 0x64, 0x61, 0x6e, 0x61, 0x3b, 0x20, 0x66, 0x6f, 0x6e, 
	0x74, 0x2d, 0x77, 0x65, 0x69, 0x67, 0x68, 0x74, 0x3a, 0x20, 
	0x62, 0x6f, 0x6c, 0x64, 0x3b, 0x20, 0x66, 0x6f, 0x6e, 0x74, 
	0x2d, 0x73, 0x74, 0x79, 0x6c, 0x65, 0x3a, 0x20, 0x69, 0x74, 
	0x61, 0x6c, 0x69, 0x63, 0x3b, 0x20, 0x62, 0x61, 0x63, 0x6b, 
	0x67, 0x72, 0x6f, 0x75, 0x6e, 0x64, 0x2d, 0x63, 0x6f, 0x6c, 
	0x6f, 0x72, 0x3a, 0x20, 0x72, 0x67, 0x62, 0x28, 0x32, 0x35, 
	0x35, 0x2c, 0x20, 0x32, 0x35, 0x35, 0x2c, 0x20, 0x32, 0x35, 
	0x35, 0x29, 0x3b, 0x20, 0x74, 0x65, 0x78, 0x74, 0x2d, 0x61, 
	0x6c, 0x69, 0x67, 0x6e, 0x3a, 0x20, 0x63, 0x65, 0x6e, 0x74, 
	0x65, 0x72, 0x3b, 0x22, 0x3e, 0xa, 0x20, 0x20, 0x20, 0x20, 
	0x20, 0x20, 0x20, 0x20, 0x20, 0x20, 0x20, 0x20, 0x20, 0x20, 
	0x20, 0x20, 0x20, 0x20, 0x20, 0x20, 0x3c, 0x61, 0x20, 0x68, 
	0x72, 0x65, 0x66, 0x3d, 0x22, 0x2f, 0x63, 0x61, 0x6e, 0x5f, 
	0x74, 0x72, 0x61, 0x63, 0x65, 0x2e, 0x73, 0x68, 0x74, 0x6d, 
	0x6c, 0x22, 0x3e, 0xa, 0x20, 0x20, 0x20, 0x20, 0x20, 0x20, 
	0x20, 0x20, 0x20, 0x20, 0x20, 0x20, 0x20, 0x20, 0x20, 0x20, 
	0x20, 0x20, 0x20, 0x20, 0x20, 0x20, 0x20, 0x20, 0x3c, 0x73, 
	0x70, 0x61, 0x6e, 0x20, 0x73, 0x74, 0x79, 0x6c, 0x65, 0x3d, 
	0x22, 0x63, 0x6f, 0x6c, 0x6f, 0x72, 0x3a, 0x20, 0x72, 0x67, 
	0x62, 0x28, 0x30, 0x2c, 0x20, 0x30, 0x2c, 0x20, 0x30, 0x29, 
	0x3b, 0x22, 0x3e, 0x43, 0x41, 0x4e, 0x20, 0x74, 0x72, 0x61, 
	0x63, 0x65, 0xa, 0x20, 0x20, 0x20, 0x20, 0x20, 0x20, 0x20, 
	0x20, 0x20, 0x20, 0x20, 0x20, 0x20, 0x20, 0x20, 0x20, 0x20, 
	0x20, 0x20, 0x20, 0x20, 0x20, 0x20, 0x20, 0x3c, 0x2f, 0x73, 
	0x70, 0x61, 0x6e, 0x3e, 0xa, 0x20, 0x20, 0x20, 0x20, 0x20, 
	0x20, 0x20, 0x20, 0x20, 0x20, 0x20, 0x20, 0x20, 0x20, 0x20, 
	0x20, 0x20, 0x20, 0x20, 0x20, 0x3c, 0x2f, 0x61, 0x3e, 0xa, 
	0x20, 0x20, 0x20, 0x20, 0x20, 0x20, 0x20, 0x20, 0x20, 0x20, 
	0x20, 0x20, 0x20, 0x20, 0x20, 0x20, 0x3c, 0x2f, 0x74, 0x64, 
	0x3e, 0xa, 0x20, 0x20, 0x20, 0x20, 0x20, 0x20, 0x20, 0x20, 
	0x20, 0x20, 0x20, 0x20, 0x3c, 0x2f, 0x74, 0x72, 0x3e, 0xa, 
	0x20, 0x20, 0x20, 0x20, 0x20, 0x20, 0x20, 0x20, 0x3c, 0x2f, 
	0x74, 0x62, 0x6f, 0x64, 0x79, 0x3e, 0xa, 0x20, 0x20, 0x20, 
	0x20, 0x3c, 0x2f, 0x74, 0x61, 0x62, 0x6c, 0x65, 0x3e, 0xa, 
	0x20, 0x20, 0x20, 0x20, 0x3c, 0x62, 0x72, 0x3e, 0xa, 0x20, 
	0x20, 0x20, 0x20, 0x3c, 0x73, 0x6d, 0x61, 0x6c, 0x6c, 0x3e, 
	0xa, 0x20, 0x20, 0x20, 0x20, 0x20, 0x20, 0x20, 0x20, 0x3c, 
	0x73, 0x70, 0x61, 0x6e, 0x20, 0x73, 0x74, 0x79, 0x6c, 0x65, 
	0x3d, 0x22, 0x66, 0x6f, 0x6e, 0x74, 0x2d, 0x66, 0x61, 0x6d, 
	0x69, 0x6c, 0x79, 0x3a, 0x20, 0x56, 0x65, 0x72, 0x64, 0x61, 
	0x6e, 0x61, 0x3b, 0x22, 0x3e, 0x48, 0x65, 0x72, 0x65, 0x20, 
	0x79, 0x6f, 0x75, 0x20, 0x63, 0x61, 0x6e, 0x20, 0x63, 0x68, 
	0x65, 0x63, 0x6b, 0x20, 0x61, 0x6e, 0x64, 0x20, 0x63, 0x6f, 
	0x6e, 0x66, 0x69, 0x67, 0x75, 0x72, 0x65, 0x20, 0x74, 0x68, 
	0x65, 0x20, 0x53, 0x54, 0x4d, 0x33, 0x32, 0x48, 0x37, 0x20, 
	0x43, 0x41, 0x4e, 0x20, 0x73, 0x6e, 0x69, 0x66, 0x66, 0x65, 
	0x72, 0x20, 0x72, 0x65, 0x6d, 0x6f, 0x74, 0x65, 0x6c, 0x79, 
	0x2e, 0xa, 0x20, 0x20, 0x20, 0x20, 0x20, 0x20, 0x20, 0x20, 
	0x3c, 0x2f, 0x73, 0x70, 0x61, 0x6e, 0x3e, 0xa, 0x20, 0x20, 
	0x20, 0x20, 0x3c, 0x2f, 0x73, 0x6d, 0x61, 0x6c, 0x6c, 0x3e, 
	0xa, 0x20, 0x20, 0x20, 0x20, 0x3c, 0x68, 0x33, 0x3e, 0xa, 
	0x20, 0x20, 0x20, 0x20, 0x20, 0x20, 0x20, 0x20, 0x3c, 0x66, 
	0x6f, 0x6e, 0x74, 0x20, 0x73, 0x69, 0x7a, 0x65, 0x3d, 0x22, 
	0x2d, 0x31, 0x22, 0x3e, 0xa, 0x20, 0x20, 0x20, 0x20, 0x20, 
	0x20, 0x20, 0x20, 0x20, 0x20, 0x20, 0x20, 0x3c, 0x73, 0x70, 
	0x61, 0x6e, 0x20, 0x73, 0x74, 0x79, 0x6c, 0x65, 0x3d, 0x22, 
	0x63, 0x6f, 0x6c, 0x6f, 0x72, 0x3a, 0x20, 0x62, 0x6c, 0x61, 
	0x63, 0x6b, 0x3b, 0x22, 0x3e, 0x3c, 0x2f, 0x73, 0x70, 0x61, 
	0x6e, 0x3e, 0xa, 0x20, 0x20, 0x20, 0x20, 0x20, 0x20, 0x20, 
	0x20, 0x3c, 0x2f, 0x66, 0x6f, 0x6e, 0x74, 0x3e, 0xa, 0x20, 
	0x20, 0x20, 0x20, 0x3c, 0x2f, 0x68, 0x33, 0x3e, 0xa, 0x20, 
	0x20, 0x20, 0x20, 0x3c, 0x68, 0x33, 0x20, 0x73, 0x74, 0x79, 
	0x6c, 0x65, 0x3d, 0x22, 0x66, 0x6f, 0x6e, 0x74, 0x2d, 0x77, 
	0x65, 0x69, 0x67, 0x68, 0x74, 0x3a, 0x20, 0x6e, 0x6f, 0x72, 
	0x6d, 0x61, 0x6c, 0x3b, 0x20, 0x66, 0x6f, 0x6e, 0x74, 0x2d, 
	0x66, 0x61, 0x6d, 0x69, 0x6c, 0x79, 0x3a, 0x20, 0x56, 0x65, 
	0x72, 0x64, 0x61, 0x6e, 0x61, 0x3b, 0x22, 0x3e, 0xa, 0x20, 
	0x20, 0x20, 0x20, 0x20, 0x20, 0x20, 0x20, 0x3c, 0x66, 0x6f, 
	0x6e, 0x74, 0x20, 0x73, 0x69, 0x7a, 0x65, 0x3d, 0x22, 0x2d, 
	0x31, 0x22, 0x3e, 0xa, 0x20, 0x20, 0x20, 0x20, 0x20, 0x20, 
	0x20, 0x20, 0x20, 0x20, 0x20, 0x20, 0x3c, 0x62, 0x72, 0x3e, 
	0xa, 0x20, 0x20, 0x20, 0x20, 0x20, 0x20, 0x20, 0x20, 0x3c, 
	0x2f, 0x66, 0x6f, 0x6e, 0x74, 0x3e, 0xa, 0x20, 0x20, 0x20, 
	0x20, 0x3c, 0x2f, 0x68, 0x33, 0x3e, 0xa, 0x20, 0x20, 0x20, 
	0x20, 0x3c, 0x73, 0x70, 0x61, 0x6e, 0x20, 0x73, 0x74, 0x79, 
	0x6c, 0x65, 0x3d, 0x22, 0x66, 0x6f, 0x6e, 0x74, 0x2d, 0x66, 
	0x61, 0x6d, 0x69, 0x6c, 0x79, 0x3a, 0x20, 0x56, 0x65, 0x72, 
	0x64, 0x61, 0x6e, 0x61, 0x3b, 0x22, 0x3e, 0x3c, 0x2f, 0x73, 
	0x70, 0x61, 0x6e, 0x3e, 0xa, 0x20, 0x20, 0x20, 0x20, 0x3c, 
	0x66, 0x6f, 0x6e, 0x74, 0x20, 0x73, 0x69, 0x7a, 0x65, 0x3d, 
	0x22, 0x2d, 0x31, 0x22, 0x3e, 0xa, 0x20, 0x20, 0x20, 0x20, 
	0x20, 0x20, 0x20, 0x20, 0x3c, 0x61, 0x20, 0x73, 0x74, 0x79, 
	0x6c, 0x65, 0x3d, 0x22, 0x66, 0x6f, 0x6e, 0x74, 0x2d, 0x66, 
	0x61, 0x6d, 0x69, 0x6c, 0x79, 0x3a, 0x20, 0x56, 0x65, 0x72, 
	0x64, 0x61, 0x6e, 0x61, 0x3b, 0x22, 0x20, 0x68, 0x72, 0x65, 
	0x66, 0x3d, 0x22, 0x2f, 0x53, 0x54, 0x4d, 0x33, 0x32, 0x48, 
	0x37, 0x78, 0x37, 0x2e, 0x68, 0x74, 0x6d, 0x6c, 0x22, 0x3e, 
	0xa, 0x20, 0x20, 0x20, 0x20, 0x20, 0x20, 0x20, 0x20, 0x20, 
	0x20, 0x20, 0x20, 0x3c, 0x62, 0x69, 0x67, 0x3e, 0xa, 0x20, 
	0x20, 0x20, 0x20, 0x20, 0x20, 0x20, 0x20, 0x20, 0x20, 0x20, 
	0x20, 0x20, 0x20, 0x20, 0x20, 0x3c, 0x73, 0x70, 0x61, 0x6e, 
	0x20, 0x73, 0x74, 0x79, 0x6c, 0x65, 0x3d, 0x22, 0x66, 0x6f, 
	0x6e, 0x74, 0x2d, 0x77, 0x65, 0x69, 0x67, 0x68, 0x74, 0x3a, 
	0x20, 0x62, 0x6f, 0x6c, 0x64, 0x3b, 0x22, 0x3e, 0x3c, 0x2f, 
	0x73, 0x70, 0x61, 0x6e, 0x3e, 0xa, 0x20, 0x20, 0x20, 0x20, 
	0x20, 0x20, 0x20, 0x20, 0x20, 0x20, 0x20, 0x20, 0x3c, 0x2f, 
	0x62, 0x69, 0x67, 0x3e, 0xa, 0x20, 0x20, 0x20, 0x20, 0x20, 
	0x20, 0x20, 0x20, 0x3c, 0x2f, 0x61, 0x3e, 0xa, 0x20, 0x20, 
	0x20, 0x20, 0x3c, 0x2f, 0x66, 0x6f, 0x6e, 0x74, 0x3e, 0xa, 
	0x20, 0x20, 0x20, 0x20, 0x3c, 0x66, 0x6f, 0x6e, 0x74, 0x20, 
	0x63, 0x6c, 0x61, 0x73, 0x73, 0x3d, 0x22, 0x66, 0x6f, 0x6f, 
	0x74, 0x6d, 0x73, 0x67, 0x22, 0x3e, 0xa, 0x20, 0x20, 0x20, 
	0x20, 0x20, 0x20, 0x20, 0x20, 0x26, 0x6e, 0x62, 0x73, 0x70, 
	0x3b, 0xa, 0x20, 0x20, 0x20, 0x20, 0x20, 0x20, 0x20, 0x20, 
	0x26, 0x6e, 0x62, 0x73, 0x70, 0x3b, 0x20, 0x26, 0x6e, 0x62, 
	0x73, 0x70, 0x3b, 0x20, 0x26, 0x6e, 0x62, 0x73, 0x70, 0x3b, 
	0x20, 0x26, 0x6e, 0x62, 0x73, 0x70, 0x3b, 0x20, 0x26, 0x6e, 
	0x62, 0x73, 0x70, 0x3b, 0x20, 0x26, 0x6e, 0x62, 0x73, 0x70, 
	0x3b, 0xa, 0x20, 0x20, 0x20, 0x20, 0x20, 0x20, 0x20, 0x20, 
	0x26, 0x6e, 0x62, 0x73, 0x70, 0x3b, 0x20, 0x26, 0x6e, 0x62, 
	0x73, 0x70, 0x3b, 0x20, 0x26, 0x6e, 0x62, 0x73, 0x70, 0x3b, 
	0x20, 0x26, 0x6e, 0x62, 0x73, 0x70, 0x3b, 0x20, 0x26, 0x6e, 
	0x62, 0x73, 0x70, 0x3b, 0x20, 0x26, 0x6e, 0x62, 0x73, 0x70, 
	0x3b, 0xa, 0x20, 0x20, 0x20, 0x20, 0x20, 0x20, 0x20, 0x20, 
	0x26, 0x6e, 0x62, 0x73, 0x70, 0x3b, 0x20, 0x26, 0x6e, 0x62, 
	0x73, 0x70, 0x3b, 0x20, 0x26, 0x6e, 0x62, 0x73, 0x70, 0x3b, 
	0x20, 0x26, 0x6e, 0x62, 0x73, 0x70, 0x3b, 0x20, 0x26, 0x6e, 
	0x62, 0x73, 0x70, 0x3b, 0x20, 0x26, 0x6e, 0x62, 0x73, 0x70, 
	0x3b, 0xa, 0x20, 0x20, 0x20, 0x20, 0x20, 0x20, 0x20, 0x20, 
	0x26, 0x6e, 0x62, 0x73, 0x70, 0x3b, 0x20, 0x26, 0x6e, 0x62, 
	0x73, 0x70, 0x3b, 0x20, 0x26, 0x6e, 0x62, 0x73, 0x70, 0x3b, 
	0x20, 0x26, 0x6e, 0x62, 0x73, 0x70, 0x3b, 0xa, 0x20, 0x20, 
	0x20, 0x20, 0x20, 0x20, 0x20, 0x20, 0x3c, 0x63, 0x6f, 0x6d, 
	0x6d, 0x65, 0x6e, 0x74, 0x20, 0x74, 0x69, 0x74, 0x6c, 0x65, 
	0x3d, 0x22, 0x23, 0x63, 0x6f, 0x6e, 0x66, 0x69, 0x67, 0x20, 
	0x74, 0x69, 0x6d, 0x65, 0x66, 0x6d, 0x74, 0x3d, 0x26, 0x71, 
	0x75, 0x6f, 0x74, 0x3b, 0x25, 0x59, 0x26, 0x71, 0x75, 0x6f, 
	0x74, 0x3b, 0x20, 0x22, 0x20, 0x78, 0x6d, 0x6c, 0x6e, 0x73, 
	0x3d, 0x22, 0x68, 0x74, 0x74, 0x70, 0x3a, 0x2f, 0x2f, 0x64, 
	0x69, 0x73, 0x72, 0x75, 0x70, 0x74, 0x69, 0x76, 0x65, 0x2d, 
	0x69, 0x6e, 0x6e, 0x6f, 0x76, 0x61, 0x74, 0x69, 0x6f, 0x6e, 
	0x73, 0x2e, 0x63, 0x6f, 0x6d, 0x2f, 0x7a, 0x6f, 0x6f, 0x2f, 
	0x6e, 0x76, 0x75, 0x22, 0x3e, 0xa, 0x20, 0x20, 0x20, 0x20, 
	0x20, 0x20, 0x20, 0x20, 0x20, 0x20, 0x20, 0x20, 0x3c, 0x21, 
	0x2d, 0x2d, 0x23, 0x63, 0x6f, 0x6e, 0x66, 0x69, 0x67, 0x20, 
	0x74, 0x69, 0x6d, 0x65, 0x66, 0x6d, 0x74, 0x3d, 0x22, 0x25, 
	0x59, 0x22, 0x20, 0x2d, 0x2d, 0x3e, 0xa, 0x20, 0x20, 0x20, 
	0x20, 0x20, 0x20, 0x20, 0x20, 0x3c, 0x2f, 0x63, 0x6f, 0x6d, 
	0x6d, 0x65, 0x6e, 0x74, 0x3e, 0xa, 0x20, 0x20, 0x20, 0x20, 
	0x20, 0x20, 0x20, 0x20, 0x3c, 0x63, 0x6f, 0x6d, 0x6d, 0x65, 
	0x6e, 0x74, 0x20, 0x74, 0x69, 0x74, 0x6c, 0x65, 0x3d, 0x22, 
	0x23, 0x65, 0x63, 0x68, 0x6f, 0x20, 0x76, 0x61, 0x72, 0x3d, 
	0x26, 0x71, 0x75, 0x6f, 0x74, 0x3b, 0x44, 0x41, 0x54, 0x45, 
	0x5f, 0x47, 0x4d, 0x54, 0x26, 0x71, 0x75, 0x6f, 0x74, 0x3b, 
	0x20, 0x22, 0x20, 0x78, 0x6d, 0x6c, 0x6e, 0x73, 0x3d, 0x22, 
	0x68, 0x74, 0x74, 0x70, 0x3a, 0x2f, 0x2f, 0x64, 0x69, 0x73, 
	0x72, 0x75, 0x70, 0x74, 0x69, 0x76, 0x65, 0x2d, 0x69, 0x6e, 
	0x6e, 0x6f, 0x76, 0x61, 0x74, 0x69, 0x6f, 0x6e, 0x73, 0x2e, 
	0x63, 0x6f, 0x6d, 0x2f, 0x7a, 0x6f, 0x6f, 0x2f, 0x6e, 0x76, 
	0x75, 0x22, 0x3e, 0xa, 0x20, 0x20, 0x20, 0x20, 0x20, 0x20, 
	0x20, 0x20, 0x20, 0x20, 0x20, 0x20, 0x3c, 0x21, 0x2d, 0x2d, 
	0x23, 0x65, 0x63, 0x68, 0x6f, 0x20, 0x76, 0x61, 0x72, 0x3d, 
	0x22, 0x44, 0x41, 0x54, 0x45, 0x5f, 0x47, 0x4d, 0x54, 0x22, 
	0x20, 0x2d, 0x2d, 0x3e, 0xa, 0x20, 0x20, 0x20, 0x20, 0x20, 
	0x20, 0x20, 0x20, 0x3c, 0x2f, 0x63, 0x6f, 0x6d, 0x6d, 0x65, 
	0x6e, 0x74, 0x3e, 0xa, 0x20, 0x20, 0x20, 0x20, 0x3c, 0x2f, 
	0x66, 0x6f, 0x6e, 0x74, 0x3e, 0xa, 0x3c, 0x2f, 0x62, 0x6f, 
	0x64, 0x79, 0x3e, 0xa, 0x3c, 0x2f, 0x68, 0x74, 0x6d, 0x6c, 
	0x3e, 0xa, };

static const unsigned char data_can_shtml[] = {
	/* /can.shtml */
	0x2f, 0x63, 0x61, 0x6e, 0x2e, 0x73, 0x68, 0x74, 0x6d, 0x6c, 0,
	0x48, 0x54, 0x54, 0x50, 0x2f, 0x31, 0x2e, 0x30, 0x20, 0x32, 
	0x30, 0x30, 0x20, 0x4f, 0x4b, 0xd, 0xa, 0x53, 0x65, 0x72, 
	0x76, 0x65, 0x72, 0x3a, 0x20, 0x6c, 0x77, 0x49, 0x50, 0x2f, 
	0x70, 0x72, 0x65, 0x2d, 0x30, 0x2e, 0x36, 0x20, 0x28, 0x68, 
	0x74, 0x74, 0x70, 0x3a, 0x2f, 0x2f, 0x77, 0x77, 0x77, 0x2e, 
	0x73, 0x69, 0x63, 0x73, 0x2e, 0x73, 0x65, 0x2f, 0x7e, 0x61, 
	0x64, 0x61, 0x6d, 0x2f, 0x6c, 0x77, 0x69, 0x70, 0x2f, 0x29, 
	0xd, 0xa, 0x43, 0x6f, 0x6e, 0x74, 0x65, 0x6e, 0x74, 0x2d, 
	0x74, 0x79, 0x70, 0x65, 0x3a, 0x20, 0x74, 0x65, 0x78, 0x74, 
	0x2f, 0x68, 0x74, 0x6d, 0x6c, 0xd, 0xa, 0xd, 0xa, 0x3c, 
	0x21, 0x44, 0x4f, 0x43, 0x54, 0x59, 0x50, 0x45, 0x20, 0x68, 
	0x74, 0x6d, 0x6c, 0x20, 0x50, 0x55, 0x42, 0x4c, 0x49, 0x43, 
	0x20, 0x22, 0x2d, 0x2f, 0x2f, 0x57, 0x33, 0x43, 0x2f, 0x2f, 
	0x44, 0x54, 0x44, 0x20, 0x48, 0x54, 0x4d, 0x4c, 0x20, 0x34, 
	0x2e, 0x30, 0x31, 0x2f, 0x2f, 0x45, 0x4e, 0x22, 0x20, 0x22, 
	0x68, 0x74, 0x74, 0x70, 0x3a, 0x2f, 0x2f, 0x77, 0x77, 0x77, 
	0x2e, 0x77, 0x33, 0x2e, 0x6f, 0x72, 0x67, 0x2f, 0x54, 0x52, 
	0x2f, 0x68, 0x74, 0x6d, 0x6c, 0x34, 0x2f, 0x73, 0x74, 0x72, 
	0x69, 0x63, 0x74, 0x2e, 0x64, 0x74, 0x64, 0x22, 0x3e, 0xa, 
	0x3c, 0x68, 0x74, 0x6d, 0x6c, 0x3e, 0xa, 0x3c, 0x68, 0x65, 
	0x61, 0x64, 0x3e, 0xa, 0x20, 0x20, 0x20, 0x20, 0x3c, 0x74, 
	0x69, 0x74, 0x6c, 0x65, 0x3e, 0x53, 0x54, 0x4d, 0x33, 0x32, 
	0x48, 0x37, 0x20, 0x43, 0x41, 0x4e, 0x20, 0x73, 0x6e, 0x69, 
	0x66, 0x66, 0x65, 0x72, 0x3c, 0x2f, 0x74, 0x69, 0x74, 0x6c, 
	0x65, 0x3e, 0xa, 0xa, 0x20, 0x20, 0x20, 0x20, 0x3c, 0x6d, 
	0x65, 0x74, 0x61, 0x20, 0x68, 0x74, 0x74, 0x70, 0x2d, 0x65, 
	0x71, 0x75, 0x69, 0x76, 0x3d, 0x22, 0x43, 0x6f, 0x6e, 0x74, 
	0x65, 0x6e, 0x74, 0x2d, 0x54, 0x79, 0x70, 0x65, 0x22, 0x20, 
	0x63, 0x6f, 0x6e, 0x74, 0x65, 0x6e, 0x74, 0x3d, 0x22, 0x74, 
	0x65, 0x78, 0x74, 0x2f, 0x68, 0x74, 0x6d, 0x6c, 0x3b, 0x20, 
	0x63, 0x68, 0x61, 0x72, 0x73, 0x65, 0x74, 0x3d, 0x77, 0x69, 
	0x6e, 0x64, 0x6f, 0x77, 0x73, 0x2d, 0x31, 0x32, 0x35, 0x32, 
	0x22, 0x3e, 0xa, 0x20, 0x20, 0x20, 0x20, 0x3c, 0x6d, 0x65, 
	0x74, 0x61, 0x20, 0x63, 0x6f, 0x6e, 0x74, 0x65, 0x6e, 0x74, 
	0x3d, 0x22, 0x4d, 0x53, 0x48, 0x54, 0x4d, 0x4c, 0x20, 0x36, 
	0x2e, 0x30, 0x30, 0x2e, 0x32, 0x38, 0x30, 0x30, 0x2e, 0x31, 
	0x35, 0x36, 0x31, 0x22, 0x20, 0x6e, 0x61, 0x6d, 0x65, 0x3d, 
	0x22, 0x47, 0x45, 0x4e, 0x45, 0x52, 0x41, 0x54, 0x4f, 0x52, 
	0x22, 0x3e, 0xa, 0x20, 0x20, 0x20, 0x20, 0x3c, 0x73, 0x74, 
	0x79, 0x6c, 0x65, 0x3e, 0xa, 0x20, 0x20, 0x20, 0x20, 0x20, 
	0x20, 0x20, 0x20, 0x62, 0x6f, 0x64, 0x79, 0x20, 0x7b, 0xa, 
	0x20, 0x20, 0x20, 0x20, 0x20, 0x20, 0x20, 0x20, 0x20, 0x20, 
	0x20, 0x20, 0x66, 0x6f, 0x6e, 0x74, 0x2d, 0x66, 0x61, 0x6d, 
	0x69, 0x6c, 0x79, 0x3a, 0x20, 0x56, 0x65, 0x72, 0x64, 0x61, 
	0x6e, 0x61, 0x3b, 0xa, 0x20, 0x20, 0x20, 0x20, 0x20, 0x20, 
	0x20, 0x20, 0x20, 0x20, 0x20, 0x20, 0x66, 0x6f, 0x6e, 0x74, 
	0x2d, 0x77, 0x65, 0x69, 0x67, 0x68, 0x74, 0x3a, 0x20, 0x6e, 
	0x6f, 0x72, 0x6d, 0x61, 0x6c, 0x3b, 0xa, 0x20, 0x20, 0x20, 
	0x20, 0x20, 0x20, 0x20, 0x20, 0x7d, 0xa, 0x20, 0x20, 0x20, 
	0x20, 0x3c, 0x2f, 0x73, 0x74, 0x79, 0x6c, 0x65, 0x3e, 0x20, 
	0x20, 0x20, 0x20, 0xa, 0x3c, 0x2f, 0x68, 0x65, 0x61, 0x64, 
	0x3e, 0xa, 0x3c, 0x62, 0x6f, 0x64, 0x79, 0x3e, 0xa, 0x20, 
	0x20, 0x20, 0x20, 0x3c, 0x68, 0x34, 0x3e, 0xa, 0x20, 0x20, 
	0x20, 0x20, 0x20, 0x20, 0x20, 0x20, 0x3c, 0x62, 0x69, 0x67, 
	0x20, 0x73, 0x74, 0x79, 0x6c, 0x65, 0x3d, 0x22, 0x66, 0x6f, 
	0x6e, 0x74, 0x2d, 0x77, 0x65, 0x69, 0x67, 0x68, 0x74, 0x3a, 
	0x20, 0x62, 0x6f, 0x6c, 0x64, 0x3b, 0x22, 0x3e, 0xa, 0x20, 
	0x20, 0x20, 0x20, 0x20, 0x20, 0x20, 0x20, 0x20, 0x20, 0x20, 
	0x20, 0x3c, 0x73, 0x74, 0x72, 0x6f, 0x6e, 0x67, 0x20, 0x73, 
	0x74, 0x79, 0x6c, 0x65, 0x3d, 0x22, 0x63, 0x6f, 0x6c, 0x6f, 
	0x72, 0x3a, 0x20, 0x72, 0x67, 0x62, 0x28, 0x30, 0x2c, 0x20, 
	0x30, 0x2c, 0x20, 0x30, 0x29, 0x3b, 0x22, 0x3e, 0xa, 0x20, 
	0x20, 0x20, 0x20, 0x20, 0x20, 0x20, 0x20, 0x20, 0x20, 0x20, 
	0x20, 0x20, 0x20, 0x20, 0x20, 0x3c, 0x73, 0x70, 0x61, 0x6e, 
	0x20, 0x73, 0x74, 0x79, 0x6c, 0x65, 0x3d, 0x22, 0x66, 0x6f, 
	0x6e, 0x74, 0x2d, 0x73, 0x74, 0x79, 0x6c, 0x65, 0x3a, 0x20, 
	0x69, 0x74, 0x61, 0x6c, 0x69, 0x63, 0x3b, 0x22, 0x3e, 0x53, 
	0x54, 0x4d, 0x33, 0x32, 0x48, 0x37, 0x20, 0x43, 0x41, 0x4e, 
	0x20, 0x73, 0x6e, 0x69, 0x66, 0x66, 0x65, 0x72, 0x3c, 0x2f, 
	0x73, 0x70, 0x61, 0x6e, 0x3e, 0xa, 0x20, 0x20, 0x20, 0x20, 
	0x20, 0x20, 0x20, 0x20, 0x20, 0x20, 0x20, 0x20, 0x3c, 0x2f, 
	0x73, 0x74, 0x72, 0x6f, 0x6e, 0x67, 0x3e, 0xa, 0x20, 0x20, 
	0x20, 0x20, 0x20, 0x20, 0x20, 0x20, 0x3c, 0x2f, 0x62, 0x69, 
	0x67, 0x3e, 0xa, 0x20, 0x20, 0x20, 0x20, 0x3c, 0x2f, 0x68, 
	0x34, 0x3e, 0xa, 0x20, 0x20, 0x20, 0x20, 0x3c, 0x74, 0x61, 
	0x62, 0x6c, 0x65, 0x20, 0x73, 0x74, 0x79, 0x6c, 0x65, 0x3d, 
	0x22, 0x77, 0x69, 0x64, 0x74, 0x68, 0x3a, 0x20, 0x39, 0x36, 
	0x31, 0x70, 0x78, 0x3b, 0x20, 0x68, 0x65, 0x69, 0x67, 0x68, 
	0x74, 0x3a, 0x20, 0x33, 0x30, 0x70, 0x78, 0x3b, 0x22, 0x20, 
	0x62, 0x6f, 0x72, 0x64, 0x65, 0x72, 0x3d, 0x22, 0x30, 0x22, 
	0x20, 0x63, 0x65, 0x6c, 0x6c, 0x70, 0x61, 0x64, 0x64, 0x69, 
	0x6e, 0x67, 0x3d, 0x22, 0x32, 0x22, 0x20, 0x63, 0x65, 0x6c, 
	0x6c, 0x73, 0x70, 0x61, 0x63, 0x69, 0x6e, 0x67, 0x3d, 0x22, 
	0x32, 0x22, 0x3e, 0xa, 0x20, 0x20, 0x20, 0x20, 0x20, 0x20, 
	0x20, 0x20, 0x3c, 0x74, 0x62, 0x6f, 0x64, 0x79, 0x3e, 0xa, 
	0x20, 0x20, 0x20, 0x20, 0x20, 0x20, 0x20, 0x20, 0x20, 0x20, 
	0x20, 0x20, 0x3c, 0x74, 0x72, 0x3e, 0xa, 0x20, 0x20, 0x20, 
	0x20, 0x20, 0x20, 0x20, 0x20, 0x20, 0x20, 0x20, 0x20, 0x20, 
	0x20, 0x20, 0x20, 0x3c, 0x74, 0x64, 0x20, 0x73, 0x74, 0x79, 
	0x6c, 0x65, 0x3d, 0x22, 0x66, 0x6f, 0x6e, 0x74, 0x2d, 0x66, 
	0x61, 0x6d, 0x69, 0x6c, 0x79, 0x3a, 0x20, 0x56, 0x65, 0x72, 
	0x64, 0x61, 0x6e, 0x61, 0x3b, 0x20, 0x66, 0x6f, 0x6e, 0x74, 
	0x2d, 0x77, 0x65, 0x69, 0x67, 0x68, 0x74, 0x3a, 0x20, 0x62, 
	0x6f, 0x6c, 0x64, 0x3b, 0x20, 0x66, 0x6f, 0x6e, 0x74, 0x2d, 
	0x73, 0x74, 0x79, 0x6c, 0x65, 0x3a, 0x20, 0x69, 0x74, 0x61, 
	0x6c, 0x69, 0x63, 0x3b, 0x20, 0x62, 0x61, 0x63, 0x6b, 0x67, 
	0x72, 0x6f, 0x75, 0x6e, 0x64, 0x2d, 0x63, 0x6f, 0x6c, 0x6f, 
	0x72, 0x3a, 0x20, 0x72, 0x67, 0x62, 0x28, 0x32, 0x35, 0x35, 
	0x2c, 0x20, 0x32, 0x35, 0x35, 0x2c, 0x20, 0x32, 0x35, 0x35, 
	0x29, 0x3b, 0x20, 0x74, 0x65, 0x78, 0x74, 0x2d, 0x61, 0x6c, 
	0x69, 0x67, 0x6e, 0x3a, 0x20, 0x63, 0x65, 0x6e, 0x74, 0x65, 
	0x72, 0x3b, 0x22, 0x3e, 0xa, 0x20, 0x20, 0x20, 0x20, 0x20, 
	0x20, 0x20, 0x20, 0x20, 0x20, 0x20, 0x20, 0x20, 0x20, 0x20, 
	0x20, 0x20, 0x20, 0x20, 0x20, 0x3c, 0x61, 0x20, 0x68, 0x72, 
	0x65, 0x66, 0x3d, 0x22, 0x2f, 0x69, 0x6e, 0x64, 0x65, 0x78, 
	0x2e, 0x68, 0x74, 0x6d, 0x6c, 0x22, 0x3e, 0xa, 0x20, 0x20, 
	0x20, 0x20, 0x20, 0x20, 0x20, 0x20, 0x20, 0x20, 0x20, 0x20, 
	0x20, 0x20, 0x20, 0x20, 0x20, 0x20, 0x20, 0x20, 0x20, 0x20, 
	0x20, 0x20, 0x3c, 0x73, 0x70, 0x61, 0x6e, 0x20, 0x73, 0x74, 
	0x79, 0x6c, 0x65, 0x3d, 0x22, 0x63, 0x6f, 0x6c, 0x6f, 0x72, 
	0x3a, 0x20, 0x72, 0x67, 0x62, 0x28, 0x30, 0x2c, 0x20, 0x30, 
	0x2c, 0x20, 0x30, 0x29, 0x3b, 0x22, 0x3e, 0x48, 0x6f, 0x6d, 
	0x65, 0xa, 0x20, 0x20, 0x20, 0x20, 0x20, 0x20, 0x20, 0x20, 
	0x20, 0x20, 0x20, 0x20, 0x20, 0x20, 0x20, 0x20, 0x20, 0x20, 
	0x20, 0x20, 0x20, 0x20, 0x20, 0x20, 0x70, 0x61, 0x67, 0x65, 
	0x3c, 0x2f, 0x73, 0x70, 0x61, 0x6e, 0x3e, 0xa, 0x20, 0x20, 
	0x20, 0x20, 0x20, 0x20, 0x20, 0x20, 0x20, 0x20, 0x20, 0x20, 
	0x20, 0x20, 0x20, 0x20, 0x20, 0x20, 0x20, 0x20, 0x3c, 0x2f, 
	0x61, 0x3e, 0xa, 0x20, 0x20, 0x20, 0x20, 0x20, 0x20, 0x20, 
	0x20, 0x20, 0x20, 0x20, 0x20, 0x20, 0x20, 0x20, 0x20, 0x3c, 
	0x2f, 0x74, 0x64, 0x3e, 0xa, 0x20, 0x20, 0x20, 0x20, 0x20, 
	0x20, 0x20, 0x20, 0x20, 0x20, 0x20, 0x20, 0x20, 0x20, 0x20, 
	0x20, 0x3c, 0x74, 0x64, 0x20, 0x73, 0x74, 0x79, 0x6c, 0x65, 
	0x3d, 0x22, 0x66, 0x6f, 0x6e, 0x74, 0x2d, 0x66, 0x61, 0x6d, 
	0x69, 0x6c, 0x79, 0x3a, 0x20, 0x56, 0x65, 0x72, 0x64, 0x61, 
	0x6e, 0x61, 0x3b, 0x20, 0x66, 0x6f, 0x6e, 0x74, 0x2d, 0x77, 
	0x65, 0x69, 0x67, 0x68, 0x74, 0x3a, 0x20, 0x62, 0x6f, 0x6c, 
	0x64, 0x3b, 0x20, 0x66, 0x6f, 0x6e, 0x74, 0x2d, 0x73, 0x74, 
	0x79, 0x6c, 0x65, 0x3a, 0x20, 0x69, 0x74, 0x61, 0x6c, 0x69, 
	0x63, 0x3b, 0x20, 0x62, 0x61, 0x63, 0x6b, 0x67, 0x72, 0x6f, 
	0x75, 0x6e, 0x64, 0x2d, 0x63, 0x6f, 0x6c, 0x6f, 0x72, 0x3a, 
	0x20, 0x72, 0x67, 0x62, 0x28, 0x32, 0x35, 0x35, 0x2c, 0x20, 
	0x32, 0x35, 0x35, 0x2c, 0x20, 0x32, 0x35, 0x35, 0x29, 0x3b, 
	0x20, 0x74, 0x65, 0x78, 0x74, 0x2d, 0x61, 0x6c, 0x69, 0x67, 
	0x6e, 0x3a, 0x20, 0x63, 0x65, 0x6e, 0x74, 0x65, 0x72, 0x3b, 
	0x22, 0x3e, 0xa, 0x20, 0x20, 0x20, 0x20, 0x20, 0x20, 0x20, 
	0x20, 0x20, 0x20, 0x20, 0x20, 0x20, 0x20, 0x20, 0x20, 0x20, 
	0x20, 0x20, 0x20, 0x3c, 0x61, 0x20, 0x68, 0x72, 0x65, 0x66, 
	0x3d, 0x22, 0x2f, 0x63, 0x61, 0x6e, 0x2e, 0x73, 0x68, 0x74, 
	0x6d, 0x6c, 0x22, 0x3e, 0xa, 0x20, 0x20, 0x20, 0x20, 0x20, 
	0x20, 0x20, 0x20, 0x20, 0x20, 0x20, 0x20, 0x20, 0x20, 0x20, 
	0x20, 0x20, 0x20, 0x20, 0x20, 0x20, 0x20, 0x20, 0x20, 0x3c, 
	0x73, 0x70, 0x61, 0x6e, 0x20, 0x73, 0x74, 0x79, 0x6c, 0x65, 
	0x3d, 0x22, 0x63, 0x6f, 0x6c, 0x6f, 0x72, 0x3a, 0x20, 0x72, 
	0x67, 0x62, 0x28, 0x30, 0x2c, 0x20, 0x30, 0x2c, 0x20, 0x30, 
	0x29, 0x3b, 0x22, 0x3e, 0x43, 0x41, 0x4e, 0x20, 0x73, 0x65, 
	0x74, 0x75, 0x70, 0xa, 0x20, 0x20, 0x20, 0x20, 0x20, 0x20, 
	0x20, 0x20, 0x20, 0x20, 0x20, 0x20, 0x20, 0x20, 0x20, 0x20, 
	0x20, 0x20, 0x20, 0x20, 0x20, 0x20, 0x20, 0x20, 0x3c, 0x2f, 
	0x73, 0x70, 0x61, 0x6e, 0x3e, 0xa, 0x20, 0x20, 0x20, 0x20, 
	0x20, 0x20, 0x20, 0x20, 0x20, 0x20, 0x20, 0x20, 0x20, 0x20, 
	0x20, 0x20, 0x20, 0x20, 0x20, 0x20, 0x3c, 0x2f, 0x61, 0x3e, 
	0xa, 0x20, 0x20, 0x20, 0x20, 0x20, 0x20, 0x20, 0x20, 0x20, 
	0x20, 0x20, 0x20, 0x20, 0x20, 0x20, 0x20, 0x3c, 0x2f, 0x74, 
	0x64, 0x3e, 0xa, 0x20, 0x20, 0x20, 0x20, 0x20, 0x20, 0x20, 
	0x20, 0x20, 0x20, 0x20, 0x20, 0x20, 0x20, 0x20, 0x20, 0x3c, 
	0x74, 0x64, 0x20, 0x73, 0x74, 0x79, 0x6c, 0x65, 0x3d, 0x22, 
	0x66, 0x6f, 0x6e, 0x74, 0x2d, 0x66, 0x61, 0x6d, 0x69, 0x6c, 
	0x79, 0x3a, 0x20, 0x56, 0x65, 0x72, 0x64, 0x61, 0x6e, 0x61, 
	0x3b, 0x20, 0x66, 0x6f, 0x6e, 0x74, 0x2d, 0x77, 0x65, 0x69, 
	0x67, 0x68, 0x74, 0x3a, 0x20, 0x62, 0x6f, 0x6c, 0x64, 0x3b, 
	0x20, 0x66, 0x6f, 0x6e, 0x74, 0x2d, 0x73, 0x74, 0x79, 0x6c, 
	0x65, 0x3a, 0x20, 0x69, 0x74, 0x61, 0x6c, 0x69, 0x63, 0x3b, 
	0x20, 0x62, 0x61, 0x63, 0x6b, 0x67, 0x72, 0x6f, 0x75, 0x6e, 
	0x64, 0x2d, 0x63, 0x6f, 0x6c, 0x6f, 0x72, 0x3a, 0x20, 0x72, 
	0x67, 0x62, 0x28, 0x32, 0x35, 0x35, 0x2c, 0x20, 0x32, 0x35, 
	0x35, 0x2c, 0x20, 0x32, 0x35, 0x35, 0x29, 0x3b, 0x20, 0x74, 
	0x65, 0x78, 0x74, 0x2d, 0x61, 0x6c, 0x69, 0x67, 0x6e, 0x3a, 
	0x20, 0x63, 0x65, 0x6e, 0x74, 0x65, 0x72, 0x3b, 0x22, 0x3e, 
	0xa, 0x20, 0x20, 0x20, 0x20, 0x20, 0x20, 0x20, 0x20, 0x20, 
	0x20, 0x20, 0x20, 0x20, 0x20, 0x20, 0x20, 0x20, 0x20, 0x20, 
	0x20, 0x3c, 0x61, 0x20, 0x68, 0x72, 0x65, 0x66, 0x3d, 0x22, 
	0x2f, 0x63, 0x61, 0x6e, 0x5f, 0x74, 0x72, 0x61, 0x63, 0x65, 
	0x2e, 0x73, 0x68, 0x74, 0x6d, 0x6c, 0x22, 0x3e, 0xa, 0x20, 
	0x20, 0x20, 0x20, 0x20, 0x20, 0x20, 0x20, 0x20, 0x20, 0x20, 
	0x20, 0x20, 0x20, 0x20, 0x20, 0x20, 0x20, 0x20, 0x20, 0x20, 
	0x20, 0x20, 0x20, 0x3c, 0x73, 0x70, 0x61, 0x6e, 0x20, 0x73, 
	0x74, 0x79, 0x6c, 0x65, 0x3d, 0x22, 0x63, 0x6f, 0x6c, 0x6f, 
	0x72, 0x3a, 0x20, 0x72, 0x67, 0x62, 0x28, 0x30, 0x2c, 0x20, 
	0x30, 0x2c, 0x20, 0x30, 0x29, 0x3b, 0x22, 0x3e, 0x43, 0x41, 
	0x4e, 0x20, 0x74, 0x72, 0x61, 0x63, 0x65, 0xa, 0x20, 0x20, 
	0x20, 0x20, 0x20, 0x20, 0x20, 0x20, 0x20, 0x20, 0x20, 0x20, 
	0x20, 0x20, 0x20, 0x20, 0x20, 0x20, 0x20, 0x20, 0x20, 0x20, 
	0x20, 0x20, 0x3c, 0x2f, 0x73, 0x70, 0x61, 0x6e, 0x3e, 0xa, 
	0x20, 0x20, 0x20, 0x20, 0x20, 0x20, 0x20, 0x20, 0x20, 0x20, 
	0x20, 0x20, 0x20, 0x20, 0x20, 0x20, 0x20, 0x20, 0x20, 0x20, 
	0x3c, 0x2f, 0x61, 0x3e, 0xa, 0x20, 0x20, 0x20, 0x20, 0x20, 
	0x20, 0x20, 0x20, 0x20, 0x20, 0x20, 0x20, 0x20, 0x20, 0x20, 
	0x20, 0x3c, 0x2f, 0x74, 0x64, 0x3e, 0xa, 0x20, 0x20, 0x20, 
	0x20, 0x20, 0x20, 0x20, 0x20, 0x20, 0x20, 0x20, 0x20, 0x3c, 
	0x2f, 0x74, 0x72, 0x3e, 0xa, 0x20, 0x20, 0x20, 0x20, 0x20, 
	0x20, 0x20, 0x20, 0x3c, 0x2f, 0x74, 0x62, 0x6f, 0x64, 0x79, 
	0x3e, 0xa, 0x20, 0x20, 0x20, 0x20, 0x3c, 0x2f, 0x74, 0x61, 
	0x62, 0x6c, 0x65, 0x3e, 0xa, 0x20, 0x20, 0x20, 0x20, 0x3c, 
	0x62, 0x72, 0x3e, 0xa, 0x20, 0x20, 0x20, 0x20, 0x3c, 0x73, 
	0x6d, 0x61, 0x6c, 0x6c, 0x3e, 0xa, 0x20, 0x20, 0x20, 0x20, 
	0x20, 0x20, 0x20, 0x20, 0x3c, 0x73, 0x70, 0x61, 0x6e, 0x20, 
	0x73, 0x74, 0x79, 0x6c, 0x65, 0x3d, 0x22, 0x66, 0x6f, 0x6e, 
	0x74, 0x2d, 0x66, 0x61, 0x6d, 0x69, 0x6c, 0x79, 0x3a, 0x20, 
	0x56, 0x65, 0x72, 0x64, 0x61, 0x6e, 0x61, 0x3b, 0x22, 0x3e, 
	0x48, 0x65, 0x72, 0x65, 0x20, 0x79, 0x6f, 0x75, 0x20, 0x63, 
	0x61, 0x6e, 0x20, 0x63, 0x68, 0x61, 0x6e, 0x67, 0x65, 0x20, 
	0x74, 0x68, 0x65, 0x20, 0x43, 0x41, 0x4e, 0x20, 0x63, 0x68, 
	0x61, 0x6e, 0x6e, 0x65, 0x6c, 0x20, 0x63, 0x6f, 0x6e, 0x66, 
	0x69, 0x67, 0x75, 0x72, 0x61, 0x74, 0x69, 0x6f, 0x6e, 0x2e, 
	0x20, 0xa, 0x20, 0x20, 0x20, 0x20, 0x20, 0x20, 0x20, 0x20, 
	0x20, 0x20, 0x20, 0x20, 0x43, 0x68, 0x61, 0x6e, 0x67, 0x65, 
	0x20, 0x74, 0x68, 0x65, 0x20, 0x73, 0x65, 0x74, 0x74, 0x69, 
	0x6e, 0x67, 0x73, 0x20, 0x61, 0x6e, 0x64, 0x20, 0x63, 0x6c, 
	0x69, 0x63, 0x6b, 0x20, 0x22, 0x53, 0x61, 0x76, 0x65, 0x22, 
	0x20, 0x74, 0x6f, 0x20, 0x70, 0x65, 0x72, 0x73, 0x69, 0x73, 
	0x74, 0x20, 0x74, 0x68, 0x65, 0x20, 0x63, 0x68, 0x61, 0x6e, 
	0x67, 0x65, 0x73, 0x2e, 0xa, 0x20, 0x20, 0x20, 0x20, 0x20, 
	0x20, 0x20, 0x20, 0x20, 0x20, 0x20, 0x20, 0x59, 0x6f, 0x75, 
	0x20, 0x68, 0x61, 0x76, 0x65, 0x20, 0x74, 0x6f, 0x20, 0x72, 
	0x65, 0x2d, 0x69, 0x6e, 0x69, 0x74, 0x69, 0x6c, 0x61, 0x69, 
	0x7a, 0x65, 0x20, 0x74, 0x68, 0x65, 0x20, 0x43, 0x41, 0x4e, 
	0x20, 0x6d, 0x6f, 0x75, 0x64, 0x75, 0x6c, 0x65, 0x20, 0x6d, 
	0x61, 0x6e, 0x75, 0x61, 0x6c, 0x6c, 0x79, 0x20, 0x28, 0x65, 
	0x2e, 0x20, 0x67, 0x2e, 0x20, 0x72, 0x65, 0x73, 0x74, 0x61, 
	0x72, 0x74, 0x20, 0x74, 0x68, 0x65, 0x20, 0x64, 0x65, 0x76, 
	0x69, 0x63, 0x65, 0x29, 0x2e, 0xa, 0x20, 0x20, 0x20, 0x20, 
	0x20, 0x20, 0x20, 0x20, 0x3c, 0x2f, 0x73, 0x70, 0x61, 0x6e, 
	0x3e, 0xa, 0x20, 0x20, 0x20, 0x20, 0x3c, 0x2f, 0x73, 0x6d, 
	0x61, 0x6c, 0x6c, 0x3e, 0xa, 0x20, 0x20, 0x20, 0x20, 0x3c, 
	0x73, 0x6d, 0x61, 0x6c, 0x6c, 0x3e, 0xa, 0x20, 0x20, 0x20, 
	0x20, 0x20, 0x20, 0x20, 0x20, 0x3c, 0x73, 0x70, 0x61, 0x6e, 
	0x20, 0x73, 0x74, 0x79, 0x6c, 0x65, 0x3d, 0x22, 0x66, 0x6f, 
	0x6e, 0x74, 0x2d, 0x66, 0x61, 0x6d, 0x69, 0x6c, 0x79, 0x3a, 
	0x20, 0x56, 0x65, 0x72, 0x64, 0x61, 0x6e, 0x61, 0x3b, 0x22, 
	0x3e, 0x53, 0x54, 0x4d, 0x33, 0x32, 0x48, 0x37, 0x34, 0x33, 
	0x49, 0x3c, 0x2f, 0x73, 0x70, 0x61, 0x6e, 0x3e, 0xa, 0x20, 
	0x20, 0x20, 0x20, 0x3c, 0x2f, 0x73, 0x6d, 0x61, 0x6c, 0x6c, 
	0x3e, 0xa, 0x20, 0x20, 0x20, 0x20, 0x3c, 0x62, 0x72, 0x3e, 
	0xa, 0x20, 0x20, 0x20, 0x20, 0x3c, 0x74, 0x61, 0x62, 0x6c, 
	0x65, 0x20, 0x73, 0x74, 0x79, 0x6c, 0x65, 0x3d, 0x22, 0x63, 
	0x6f, 0x6c, 0x6f, 0x72, 0x3a, 0x20, 0x72, 0x67, 0x62, 0x28, 
	0x30, 0x2c, 0x20, 0x30, 0x2c, 0x20, 0x30, 0x29, 0x3b, 0x20, 
	0x77, 0x69, 0x64, 0x74, 0x68, 0x3a, 0x20, 0x39, 0x36, 0x31, 
	0x70, 0x78, 0x3b, 0x20, 0x68, 0x65, 0x69, 0x67, 0x68, 0x74, 
	0x3a, 0x20, 0x33, 0x38, 0x70, 0x78, 0x3b, 0x22, 0x20, 0x77, 
	0x68, 0x69, 0x74, 0x65, 0x3d, 0x22, 0x22, 0x20, 0x63, 0x6f, 
	0x6c, 0x6f, 0x72, 0x3d, 0x22, 0x22, 0x20, 0x3b, 0x3d, 0x22, 
	0x22, 0x20, 0x31, 0x30, 0x30, 0x3d, 0x22, 0x22, 0x20, 0x62, 
	0x6f, 0x72, 0x64, 0x65, 0x72, 0x3d, 0x22, 0x30, 0x22, 0x20, 
	0x63, 0x65, 0x6c, 0x6c, 0x70, 0x61, 0x64, 0x64, 0x69, 0x6e, 
	0x67, 0x3d, 0x22, 0x33, 0x22, 0x20, 0x63, 0x65, 0x6c, 0x6c, 
	0x73, 0x70, 0x61, 0x63, 0x69, 0x6e, 0x67, 0x3d, 0x22, 0x30, 
	0x22, 0x3e, 0xa, 0x20, 0x20, 0x20, 0x20, 0x20, 0x20, 0x20, 
	0x20, 0x3c, 0x74, 0x62, 0x6f, 0x64, 0x79, 0x3e, 0xa, 0x20, 
	0x20, 0x20, 0x20, 0x20, 0x20, 0x20, 0x20, 0x20, 0x20, 0x20, 
	0x20, 0x3c, 0x74, 0x72, 0x3e, 0xa, 0x20, 0x20, 0x20, 0x20, 
	0x20, 0x20, 0x20, 0x20, 0x20, 0x20, 0x20, 0x20, 0x20, 0x20, 
	0x20, 0x20, 0x3c, 0x74, 0x64, 0x20, 0x63, 0x6c, 0x61, 0x73, 
	0x73, 0x3d, 0x22, 0x74, 0x61, 0x62, 0x74, 0x69, 0x74, 0x6c, 
	0x65, 0x22, 0x20, 0x73, 0x74, 0x79, 0x6c, 0x65, 0x3d, 0x22, 
	0x68, 0x65, 0x69, 0x67, 0x68, 0x74, 0x3a, 0x20, 0x31, 0x35, 
	0x70, 0x78, 0x3b, 0x20, 0x62, 0x61, 0x63, 0x6b, 0x67, 0x72, 
	0x6f, 0x75, 0x6e, 0x64, 0x2d, 0x63, 0x6f, 0x6c, 0x6f, 0x72, 
	0x3a, 0x20, 0x72, 0x67, 0x62, 0x28, 0x32, 0x35, 0x35, 0x2c, 
	0x20, 0x32, 0x35, 0x35, 0x2c, 0x20, 0x32, 0x35, 0x35, 0x29, 
	0x3b, 0x22, 0x3e, 0xa, 0x20, 0x20, 0x20, 0x20, 0x20, 0x20, 
	0x20, 0x20, 0x20, 0x20, 0x20, 0x20, 0x20, 0x20, 0x20, 0x20, 
	0x20, 0x20, 0x20, 0x20, 0x20, 0x20, 0x20, 0x20, 0x3c, 0x73, 
	0x74, 0x72, 0x6f, 0x6e, 0x67, 0x3e, 0x43, 0x41, 0x4e, 0x20, 
	0x73, 0x6e, 0x69, 0x66, 0x66, 0x65, 0x72, 0x20, 0x63, 0x6f, 
	0x6e, 0x74, 0x72, 0x6f, 0x6c, 0x3c, 0x2f, 0x73, 0x74, 0x72, 
	0x6f, 0x6e, 0x67, 0x3e, 0xa, 0x20, 0x20, 0x20, 0x20, 0x20, 
	0x20, 0x20, 0x20, 0x20, 0x20, 0x20, 0x20, 0x20, 0x20, 0x20, 
	0x20, 0x3c, 0x2f, 0x74, 0x64, 0x3e, 0xa, 0x20, 0x20, 0x20, 
	0x20, 0x20, 0x20, 0x20, 0x20, 0x20, 0x20, 0x20, 0x20, 0x3c, 
	0x2f, 0x74, 0x72, 0x3e, 0xa, 0x20, 0x20, 0x20, 0x20, 0x20, 
	0x20, 0x20, 0x20, 0x3c, 0x2f, 0x74, 0x62, 0x6f, 0x64, 0x79, 
	0x3e, 0xa, 0x20, 0x20, 0x20, 0x20, 0x3c, 0x2f, 0x74, 0x61, 
	0x62, 0x6c, 0x65, 0x3e, 0xa, 0xa, 0x20, 0x20, 0x20, 0x20, 
	0x3c, 0x62, 0x72, 0x3e, 0xa, 0x20, 0x20, 0x20, 0x20, 0x48, 
	0x65, 0x72, 0x65, 0x20, 0x79, 0x6f, 0x75, 0x20, 0x63, 0x61, 
	0x6e, 0x20, 0x73, 0x74, 0x61, 0x72, 0x74, 0x20, 0x61, 0x6e, 
	0x64, 0x20, 0x73, 0x74, 0x6f, 0x70, 0x20, 0x74, 0x68, 0x65, 
	0x20, 0x43, 0x41, 0x4e, 0x20, 0x73, 0x6e, 0x69, 0x66, 0x66, 
	0x65, 0x72, 0x20, 0x61, 0x63, 0x74, 0x69, 0x76, 0x69, 0x74, 
	0x79, 0x2e, 0xa, 0x20, 0x20, 0x20, 0x20, 0x3c, 0x62, 0x72, 
	0x3e, 0xa, 0x20, 0x20, 0x20, 0x20, 0x3c, 0x62, 0x72, 0x3e, 
	0xa, 0x20, 0x20, 0x20, 0x20, 0x3c, 0x66, 0x6f, 0x72, 0x6d, 
	0x20, 0x6d, 0x65, 0x74, 0x68, 0x6f, 0x64, 0x3d, 0x22, 0x67, 
	0x65, 0x74, 0x22, 0x20, 0x61, 0x63, 0x74, 0x69, 0x6f, 0x6e, 
	0x3d, 0x22, 0x2f, 0x63, 0x61, 0x6e, 0x63, 0x6f, 0x6e, 0x74, 
	0x72, 0x6f, 0x6c, 0x2e, 0x63, 0x67, 0x69, 0x22, 0x3e, 0xa, 
	0x20, 0x20, 0x20, 0x20, 0x20, 0x20, 0x20, 0x20, 0x3c, 0x62, 
	0x69, 0x67, 0x20, 0x73, 0x74, 0x79, 0x6c, 0x65, 0x3d, 0x22, 
	0x66, 0x6f, 0x6e, 0x74, 0x2d, 0x77, 0x65, 0x69, 0x67, 0x68, 
	0x74, 0x3a, 0x20, 0x62, 0x6f, 0x6c, 0x64, 0x3b, 0x22, 0x3e, 
	0xa, 0x20, 0x20, 0x20, 0x20, 0x20, 0x20, 0x20, 0x20, 0x20, 
	0x20, 0x20, 0x20, 0x3c, 0x69, 0x6e, 0x70, 0x75, 0x74, 0x20, 
	0x74, 0x79, 0x70, 0x65, 0x3d, 0x22, 0x73, 0x75, 0x62, 0x6d, 
	0x69, 0x74, 0x22, 0x20, 0x6e, 0x61, 0x6d, 0x65, 0x3d, 0x22, 
	0x61, 0x63, 0x74, 0x69, 0x6f, 0x6e, 0x22, 0x20, 0x76, 0x61, 
	0x6c, 0x75, 0x65, 0x3d, 0x22, 0x53, 0x74, 0x61, 0x72, 0x74, 
	0x22, 0x20, 0x69, 0x64, 0x3d, 0x22, 0x73, 0x74, 0x61, 0x72, 
	0x74, 0x2d, 0x62, 0x75, 0x74, 0x74, 0x6f, 0x6e, 0x22, 0x3e, 
	0xa, 0x20, 0x20, 0x20, 0x20, 0x20, 0x20, 0x20, 0x20, 0x20, 
	0x20, 0x20, 0x20, 0x3c, 0x69, 0x6e, 0x70, 0x75, 0x74, 0x20, 
	0x74, 0x79, 0x70, 0x65, 0x3d, 0x22, 0x73, 0x75, 0x62, 0x6d, 
	0x69, 0x74, 0x22, 0x20, 0x6e, 0x61, 0x6d, 0x65, 0x3d, 0x22, 
	0x61, 0x63, 0x74, 0x69, 0x6f, 0x6e, 0x22, 0x20, 0x76, 0x61, 
	0x6c, 0x75, 0x65, 0x3d, 0x22, 0x53, 0x74, 0x6f, 0x70, 0x22, 
	0x20, 0x69, 0x64, 0x3d, 0x22, 0x73, 0x74, 0x6f, 0x70, 0x2d, 
	0x62, 0x75, 0x74, 0x74, 0x6f, 0x6e, 0x22, 0x3e, 0xa, 0x20, 
	0x20, 0x20, 0x20, 0x20, 0x20, 0x20, 0x20, 0x3c, 0x2f, 0x62, 
	0x69, 0x67, 0x3e, 0xa, 0x20, 0x20, 0x20, 0x20, 0x3c, 0x2f, 
	0x66, 0x6f, 0x72, 0x6d, 0x3e, 0xa, 0xa, 0x20, 0x20, 0x20, 
	0x20, 0x3c, 0x62, 0x72, 0x3e, 0xa, 0x20, 0x20, 0x20, 0x20, 
	0x3c, 0x74, 0x61, 0x62, 0x6c, 0x65, 0x20, 0x73, 0x74, 0x79, 
	0x6c, 0x65, 0x3d, 0x22, 0x63, 0x6f, 0x6c, 0x6f, 0x72, 0x3a, 
	0x20, 0x72, 0x67, 0x62, 0x28, 0x30, 0x2c, 0x20, 0x30, 0x2c, 
	0x20, 0x30, 0x29, 0x3b, 0x20, 0x77, 0x69, 0x64, 0x74, 0x68, 
	0x3a, 0x20, 0x39, 0x36, 0x31, 0x70, 0x78, 0x3b, 0x20, 0x68, 
	0x65, 0x69, 0x67, 0x68, 0x74, 0x3a, 0x20, 0x33, 0x38, 0x70, 
	0x78, 0x3b, 0x22, 0x20, 0x77, 0x68, 0x69, 0x74, 0x65, 0x3d, 
	0x22, 0x22, 0x20, 0x63, 0x6f, 0x6c, 0x6f, 0x72, 0x3d, 0x22, 
	0x22, 0x20, 0x3b, 0x3d, 0x22, 0x22, 0x20, 0x31, 0x30, 0x30, 
	0x3d, 0x22, 0x22, 0x20, 0x62, 0x6f, 0x72, 0x64, 0x65, 0x72, 
	0x3d, 0x22, 0x30, 0x22, 0x20, 0x63, 0x65, 0x6c, 0x6c, 0x70, 
	0x61, 0x64, 0x64, 0x69, 0x6e, 0x67, 0x3d, 0x22, 0x33, 0x22, 
	0x20, 0x63, 0x65, 0x6c, 0x6c, 0x73, 0x70, 0x61, 0x63, 0x69, 
	0x6e, 0x67, 0x3d, 0x22, 0x30, 0x22, 0x3e, 0xa, 0x20, 0x20, 
	0x20, 0x20, 0x20, 0x20, 0x20, 0x20, 0x3c, 0x74, 0x62, 0x6f, 
	0x64, 0x79, 0x3e, 0xa, 0x20, 0x20, 0x20, 0x20, 0x20, 0x20, 
	0x20, 0x20, 0x20, 0x20, 0x20, 0x20, 0x3c, 0x74, 0x72, 0x3e, 
	0xa, 0x20, 0x20, 0x20, 0x20, 0x20, 0x20, 0x20, 0x20, 0x20, 
	0x20, 0x20, 0x20, 0x20, 0x20, 0x20, 0x20, 0x3c, 0x74, 0x64, 
	0x20, 0x63, 0x6c, 0x61, 0x73, 0x73, 0x3d, 0x22, 0x74, 0x61, 
	0x62, 0x74, 0x69, 0x74, 0x6c, 0x65, 0x22, 0x20, 0x73, 0x74, 
	0x79, 0x6c, 0x65, 0x3d, 0x22, 0x68, 0x65, 0x69, 0x67, 0x68, 
	0x74, 0x3a, 0x20, 0x31, 0x35, 0x70, 0x78, 0x3b, 0x20, 0x62, 
	0x61, 0x63, 0x6b, 0x67, 0x72, 0x6f, 0x75, 0x6e, 0x64, 0x2d, 
	0x63, 0x6f, 0x6c, 0x6f, 0x72, 0x3a, 0x20, 0x72, 0x67, 0x62, 
	0x28, 0x32, 0x35, 0x35, 0x2c, 0x20, 0x32, 0x35, 0x35, 0x2c, 
	0x20, 0x32, 0x35, 0x35, 0x29, 0x3b, 0x22, 0x3e, 0xa, 0x20, 
	0x20, 0x20, 0x20, 0x20, 0x20, 0x20, 0x20, 0x20, 0x20, 0x20, 
	0x20, 0x20, 0x20, 0x20, 0x20, 0x20, 0x20, 0x20, 0x20, 0x20, 
	0x20, 0x20, 0x20, 0x3c, 0x73, 0x74, 0x72, 0x6f, 0x6e, 0x67, 
	0x3e, 0x43, 0x41, 0x4e, 0x20, 0x73, 0x6e, 0x69, 0x66, 0x66, 
	0x65, 0x72, 0x20, 0x43, 0x41, 0x4e, 0x20, 0x63, 0x6f, 0x6e, 
	0x66, 0x69, 0x67, 0x75, 0x72, 0x61, 0x74, 0x69, 0x6f, 0x6e, 
	0x20, 0x73, 0x65, 0x74, 0x75, 0x70, 0x3c, 0x2f, 0x73, 0x74, 
	0x72, 0x6f, 0x6e, 0x67, 0x3e, 0xa, 0x20, 0x20, 0x20, 0x20, 
	0x20, 0x20, 0x20, 0x20, 0x20, 0x20, 0x20, 0x20, 0x20, 0x20, 
	0x20, 0x20, 0x3c, 0x2f, 0x74, 0x64, 0x3e, 0xa, 0x20, 0x20, 
	0x20, 0x20, 0x20, 0x20, 0x20, 0x20, 0x20, 0x20, 0x20, 0x20, 
	0x3c, 0x2f, 0x74, 0x72, 0x3e, 0xa, 0x20, 0x20, 0x20, 0x20, 
	0x20, 0x20, 0x20, 0x20, 0x3c, 0x2f, 0x74, 0x62, 0x6f, 0x64, 
	0x79, 0x3e, 0xa, 0x20, 0x20, 0x20, 0x20, 0x3c, 0x2f, 0x74, 
	0x61, 0x62, 0x6c, 0x65, 0x3e, 0xa, 0x20, 0x20, 0x20, 0x20, 
	0x3c, 0x62, 0x72, 0x3e, 0xa, 0x20, 0x20, 0x20, 0x20, 0x48, 
	0x65, 0x72, 0x65, 0x20, 0x79, 0x6f, 0x75, 0x20, 0x63, 0x61, 
	0x6e, 0x20, 0x63, 0x68, 0x61, 0x6e, 0x67, 0x65, 0x20, 0x74, 
	0x68, 0x65, 0x20, 0x43, 0x41, 0x4e, 0x20, 0x73, 0x6e, 0x69, 
	0x66, 0x66, 0x65, 0x72, 0x20, 0x63, 0x6f, 0x6e, 0x66, 0x69, 
	0x67, 0x75, 0x72, 0x61, 0x74, 0x69, 0x6f, 0x6e, 0x2e, 0x20, 
	0xa, 0x20, 0x20, 0x20, 0x20, 0x54, 0x6f, 0x20, 0x61, 0x70, 
	0x70, 0x6c, 0x79, 0x20, 0x74, 0x68, 0x65, 0x20, 0x63, 0x75, 
	0x72, 0x72, 0x65, 0x6e, 0x74, 0x20, 0x76, 0x61, 0x6c, 0x75, 
	0x65, 0x73, 0x20, 0x79, 0x6f, 0x75, 0x20, 0x68, 0x61, 0x76, 
	0x65, 0x20, 0x74, 0x6f, 0x20, 0x73, 0x74, 0x6f, 0x70, 0x20, 
	0x61, 0x6e, 0x64, 0x20, 0x74, 0x68, 0x65, 0x20, 0xa, 0x20, 
	0x20, 0x20, 0x20, 0x43, 0x41, 0x4e, 0x20, 0x73, 0x6e, 0x69, 
	0x66, 0x66, 0x65, 0x72, 0x20, 0x62, 0x65, 0x66, 0x6f, 0x72, 
	0x65, 0x20, 0x63, 0x6c, 0x69, 0x63, 0x6b, 0x69, 0x6e, 0x67, 
	0x20, 0x6f, 0x6e, 0x20, 0x22, 0x41, 0x70, 0x70, 0x6c, 0x79, 
	0x22, 0x2e, 0x20, 0x43, 0x6c, 0x69, 0x63, 0x6b, 0x69, 0x6e, 
	0x67, 0x20, 0x22, 0x53, 0x61, 0x76, 0x65, 0x22, 0x20, 0x70, 
	0x65, 0x72, 0x73, 0x69, 0x73, 0x74, 0x73, 0xa, 0x20, 0x20, 
	0x20, 0x20, 0x74, 0x68, 0x65, 0x20, 0x63, 0x6f, 0x6e, 0x66, 
	0x69, 0x67, 0x75, 0x72, 0x61, 0x74, 0x69, 0x6f, 0x6e, 0x20, 
	0x6f, 0x6e, 0x20, 0x74, 0x68, 0x65, 0x20, 0x53, 0x44, 0x20, 
	0x63, 0x61, 0x72, 0x64, 0x20, 0x61, 0x6e, 0x64, 0x20, 0x72, 
	0x65, 0x61, 0x64, 0x20, 0x6f, 0x6e, 0x20, 0x61, 0x20, 0x64, 
	0x65, 0x76, 0x69, 0x63, 0x65, 0x20, 0x72, 0x65, 0x73, 0x74, 
	0x61, 0x72, 0x74, 0x2e, 0xa, 0x20, 0x20, 0x20, 0x20, 0x3c, 
	0x62, 0x72, 0x3e, 0xa, 0x20, 0x20, 0x20, 0x20, 0x3c, 0x62, 
	0x72, 0x3e, 0xa, 0x20, 0x20, 0x20, 0x20, 0x3c, 0x66, 0x6f, 
	0x72, 0x6d, 0x20, 0x6d, 0x65, 0x74, 0x68, 0x6f, 0x64, 0x3d, 
	0x22, 0x67, 0x65, 0x74, 0x22, 0x20, 0x61, 0x63, 0x74, 0x69, 
	0x6f, 0x6e, 0x3d, 0x22, 0x2f, 0x63, 0x61, 0x6e, 0x2e, 0x63, 
	0x67, 0x69, 0x22, 0x20, 0x69, 0x64, 0x3d, 0x22, 0x63, 0x74, 
	0x72, 0x6c, 0x2d, 0x66, 0x6f, 0x72, 0x6d, 0x22, 0x3e, 0xa, 
	0x20, 0x20, 0x20, 0x20, 0x20, 0x20, 0x20, 0x20, 0x3c, 0x74, 
	0x61, 0x62, 0x6c, 0x65, 0x20, 0x73, 0x74, 0x79, 0x6c, 0x65, 
	0x3d, 0x22, 0x63, 0x6f, 0x6c, 0x6f, 0x72, 0x3a, 0x20, 0x23, 
	0x30, 0x30, 0x30, 0x30, 0x30, 0x30, 0x3b, 0x20, 0x77, 0x69, 
	0x64, 0x74, 0x68, 0x3a, 0x20, 0x39, 0x36, 0x31, 0x70, 0x78, 
	0x3b, 0x20, 0x68, 0x65, 0x69, 0x67, 0x68, 0x74, 0x3a, 0x20, 
	0x33, 0x38, 0x70, 0x78, 0x3b, 0x20, 0x77, 0x69, 0x64, 0x74, 
	0x68, 0x3a, 0x20, 0x35, 0x30, 0x25, 0x3b, 0x22, 0x20, 0x62, 
	0x6f, 0x72, 0x64, 0x65, 0x72, 0x3d, 0x22, 0x30, 0x22, 0x20, 
	0x63, 0x65, 0x6c, 0x6c, 0x73, 0x70, 0x61, 0x63, 0x69, 0x6e, 
	0x67, 0x3d, 0x22, 0x30, 0x22, 0x20, 0x63, 0x65, 0x6c, 0x6c, 
	0x70, 0x61, 0x64, 0x64, 0x69, 0x6e, 0x67, 0x3d, 0x22, 0x33, 
	0x22, 0x3e, 0xa, 0x20, 0x20, 0x20, 0x20, 0x20, 0x20, 0x20, 
	0x20, 0x20, 0x20, 0x20, 0x20, 0x3c, 0x74, 0x62, 0x6f, 0x64, 
	0x79, 0x3e, 0xa, 0x20, 0x20, 0x20, 0x20, 0x20, 0x20, 0x20, 
	0x20, 0x20, 0x20, 0x20, 0x20, 0x20, 0x20, 0x20, 0x20, 0x3c, 
	0x74, 0x72, 0x3e, 0xa, 0x20, 0x20, 0x20, 0x20, 0x20, 0x20, 
	0x20, 0x20, 0x20, 0x20, 0x20, 0x20, 0x20, 0x20, 0x20, 0x20, 
	0x20, 0x20, 0x20, 0x20, 0x3c, 0x74, 0x68, 0x20, 0x73, 0x74, 
	0x79, 0x6c, 0x65, 0x3d, 0x22, 0x77, 0x69, 0x64, 0x74, 0x68, 
	0x3a, 0x20, 0x33, 0x33, 0x2e, 0x33, 0x33, 0x33, 0x33, 0x33, 
	0x33, 0x25, 0x3b, 0x20, 0x74, 0x65, 0x78, 0x74, 0x2d, 0x61, 
	0x6c, 0x69, 0x67, 0x6e, 0x3a, 0x20, 0x6c, 0x65, 0x66, 0x74, 
	0x3b, 0x22, 0x3e, 0x53, 0x65, 0x74, 0x74, 0x69, 0x6e, 0x67, 
	0x3c, 0x2f, 0x74, 0x68, 0x3e, 0xa, 0x20, 0x20, 0x20, 0x20, 
	0x20, 0x20, 0x20, 0x20, 0x20, 0x20, 0x20, 0x20, 0x20, 0x20, 
	0x20, 0x20, 0x20, 0x20, 0x20, 0x20, 0x3c, 0x74, 0x68, 0x20, 
	0x73, 0x74, 0x79, 0x6c, 0x65, 0x3d, 0x22, 0x77, 0x69, 0x64, 
	0x74, 0x68, 0x3a, 0x20, 0x33, 0x33, 0x2e, 0x33, 0x33, 0x33, 
	0x33, 0x33, 0x33, 0x25, 0x3b, 0x20, 0x74, 0x65, 0x78, 0x74, 
	0x2d, 0x61, 0x6c, 0x69, 0x67, 0x6e, 0x3a, 0x20, 0x6c, 0x65, 
	0x66, 0x74, 0x3b, 0x22, 0x3e, 0x43, 0x75, 0x72, 0x72, 0x65, 
	0x6e, 0x74, 0x20, 0x76, 0x61, 0x6c, 0x75, 0x65, 0x3c, 0x2f, 
	0x74, 0x68, 0x3e, 0xa, 0x20, 0x20, 0x20, 0x20, 0x20, 0x20, 
	0x20, 0x20, 0x20, 0x20, 0x20, 0x20, 0x20, 0x20, 0x20, 0x20, 
	0x20, 0x20, 0x20, 0x20, 0x3c, 0x74, 0x68, 0x20, 0x73, 0x74, 
	0x79, 0x6c, 0x65, 0x3d, 0x22, 0x77, 0x69, 0x64, 0x74, 0x68, 
	0x3a, 0x20, 0x33, 0x33, 0x2e, 0x33, 0x33, 0x33, 0x33, 0x33, 
	0x33, 0x25, 0x3b, 0x20, 0x74, 0x65, 0x78, 0x74, 0x2d, 0x61, 
	0x6c, 0x69, 0x67, 0x6e, 0x3a, 0x20, 0x6c, 0x65, 0x66, 0x74, 
	0x3b, 0x22, 0x3e, 0x4e, 0x65, 0x77, 0x20, 0x76, 0x61, 0x6c, 
	0x75, 0x65, 0x3c, 0x2f, 0x74, 0x68, 0x3e, 0xa, 0x20, 0x20, 
	0x20, 0x20, 0x20, 0x20, 0x20, 0x20, 0x20, 0x20, 0x20, 0x20, 
	0x20, 0x20, 0x20, 0x20, 0x3c, 0x2f, 0x74, 0x72, 0x3e, 0xa, 
	0x20, 0x20, 0x20, 0x20, 0x20, 0x20, 0x20, 0x20, 0x20, 0x20, 
	0x20, 0x20, 0x20, 0x20, 0x20, 0x20, 0x3c, 0x74, 0x72, 0x3e, 
	0xa, 0x20, 0x20, 0x20, 0x20, 0x20, 0x20, 0x20, 0x20, 0x20, 
	0x20, 0x20, 0x20, 0x20, 0x20, 0x20, 0x20, 0x20, 0x20, 0x20, 
	0x20, 0x3c, 0x74, 0x64, 0x20, 0x73, 0x74, 0x79, 0x6c, 0x65, 
	0x3d, 0x22, 0x77, 0x69, 0x64, 0x74, 0x68, 0x3a, 0x20, 0x33, 
	0x33, 0x2e, 0x33, 0x33, 0x33, 0x33, 0x33, 0x33, 0x25, 0x3b, 
	0x22, 0x3e, 0x43, 0x41, 0x4e, 0x31, 0x3a, 0x20, 0x42, 0x61, 
	0x75, 0x64, 0x72, 0x61, 0x74, 0x65, 0x3c, 0x2f, 0x74, 0x64, 
	0x3e, 0xa, 0x20, 0x20, 0x20, 0x20, 0x20, 0x20, 0x20, 0x20, 
	0x20, 0x20, 0x20, 0x20, 0x20, 0x20, 0x20, 0x20, 0x20, 0x20, 
	0x20, 0x20, 0x3c, 0x74, 0x64, 0x20, 0x73, 0x74, 0x79, 0x6c, 
	0x65, 0x3d, 0x22, 0x77, 0x69, 0x64, 0x74, 0x68, 0x3a, 0x20, 
	0x33, 0x33, 0x2e, 0x33, 0x33, 0x33, 0x33, 0x33, 0x33, 0x25, 
	0x3b, 0x22, 0x3e, 0x3c, 0x21, 0x2d, 0x2d, 0x23, 0x62, 0x61, 
	0x75, 0x64, 0x72, 0x61, 0x74, 0x65, 0x31, 0x2d, 0x2d, 0x3e, 
	0x3c, 0x2f, 0x74, 0x64, 0x3e, 0xa, 0x20, 0x20, 0x20, 0x20, 
	0x20, 0x20, 0x20, 0x20, 0x20, 0x20, 0x20, 0x20, 0x20, 0x20, 
	0x20, 0x20, 0x20, 0x20, 0x20, 0x20, 0x3c, 0x74, 0x64, 0x20, 
	0x73, 0x74, 0x79, 0x6c, 0x65, 0x3d, 0x22, 0x77, 0x69, 0x64, 
	0x74, 0x68, 0x3a, 0x20, 0x33, 0x33, 0x2e, 0x33, 0x33, 0x33, 
	0x33, 0x33, 0x33, 0x25, 0x3b, 0x22, 0x3e, 0xa, 0x20, 0x20, 
	0x20, 0x20, 0x20, 0x20, 0x20, 0x20, 0x20, 0x20, 0x20, 0x20, 
	0x20, 0x20, 0x20, 0x20, 0x20, 0x20, 0x20, 0x20, 0x20, 0x20, 
	0x20, 0x20, 0x3c, 0x73, 0x65, 0x6c, 0x65, 0x63, 0x74, 0x20, 
	0x6e, 0x61, 0x6d, 0x65, 0x3d, 0x22, 0x62, 0x61, 0x75, 0x64, 
	0x72, 0x61, 0x74, 0x65, 0x31, 0x22, 0x20, 0x69, 0x64, 0x3d, 
	0x22, 0x62, 0x61, 0x75, 0x64, 0x72, 0x61, 0x74, 0x65, 0x31, 
	0x2d, 0x73, 0x65, 0x6c, 0x65, 0x63, 0x74, 0x22, 0x3e, 0xa, 
	0x20, 0x20, 0x20, 0x20, 0x20, 0x20, 0x20, 0x20, 0x20, 0x20, 
	0x20, 0x20, 0x20, 0x20, 0x20, 0x20, 0x20, 0x20, 0x20, 0x20, 
	0x20, 0x20, 0x20, 0x20, 0x3c, 0x6f, 0x70, 0x74, 0x69, 0x6f, 
	0x6e, 0x20, 0x76, 0x61, 0x6c, 0x75, 0x65, 0x3d, 0x22, 0x30, 
	0x22, 0x3e, 0x2d, 0x3c, 0x2f, 0x6f, 0x70, 0x74, 0x69, 0x6f, 
	0x6e, 0x3e, 0xa, 0x20, 0x20, 0x20, 0x20, 0x20, 0x20, 0x20, 
	0x20, 0x20, 0x20, 0x20, 0x20, 0x20, 0x20, 0x20, 0x20, 0x20, 
	0x20, 0x20, 0x20, 0x20, 0x20, 0x20, 0x20, 0x3c, 0x6f, 0x70, 
	0x74, 0x69, 0x6f, 0x6e, 0x20, 0x76, 0x61, 0x6c, 0x75, 0x65, 
	0x3d, 0x22, 0x32, 0x35, 0x30, 0x30, 0x30, 0x30, 0x22, 0x3e, 
	0x32, 0x35, 0x30, 0x20, 0x6b, 0x62, 0x69, 0x74, 0x2f, 0x73, 
	0x3c, 0x2f, 0x6f, 0x70, 0x74, 0x69, 0x6f, 0x6e, 0x3e, 0xa, 
	0x20, 0x20, 0x20, 0x20, 0x20, 0x20, 0x20, 0x20, 0x20, 0x20, 
	0x20, 0x20, 0x20, 0x20, 0x20, 0x20, 0x20, 0x20, 0x20, 0x20, 
	0x20, 0x20, 0x20, 0x20, 0x3c, 0x6f, 0x70, 0x74, 0x69, 0x6f, 
	0x6e, 0x20, 0x76, 0x61, 0x6c, 0x75, 0x65, 0x3d, 0x22, 0x35, 
	0x30, 0x30, 0x30, 0x30, 0x30, 0x22, 0x3e, 0x35, 0x30, 0x30, 
	0x20, 0x6b, 0x62, 0x69, 0x74, 0x2f, 0x73, 0x3c, 0x2f, 0x6f, 
	0x70, 0x74, 0x69, 0x6f, 0x6e, 0x3e, 0xa, 0x20, 0x20, 0x20, 
	0x20, 0x20, 0x20, 0x20, 0x20, 0x20, 0x20, 0x20, 0x20, 0x20, 
	0x20, 0x20, 0x20, 0x20, 0x20, 0x20, 0x20, 0x20, 0x20, 0x20, 
	0x20, 0x3c, 0x6f, 0x70, 0x74, 0x69, 0x6f, 0x6e, 0x20, 0x76, 
	0x61, 0x6c, 0x75, 0x65, 0x3d, 0x22, 0x31, 0x30, 0x30, 0x30, 
	0x30, 0x30, 0x30, 0x22, 0x3e, 0x31, 0x20, 0x4d, 0x62, 0x69, 
	0x74, 0x2f, 0x73, 0x3c, 0x2f, 0x6f, 0x70, 0x74, 0x69, 0x6f, 
	0x6e, 0x3e, 0xa, 0x20, 0x20, 0x20, 0x20, 0x20, 0x20, 0x20, 
	0x20, 0x20, 0x20, 0x20, 0x20, 0x20, 0x20, 0x20, 0x20, 0x20, 
	0x20, 0x20, 0x20, 0x3c, 0x2f, 0x73, 0x65, 0x6c, 0x65, 0x63, 
	0x74, 0x3e, 0x3c, 0x2f, 0x74, 0x64, 0x3e, 0xa, 0x20, 0x20, 
	0x20, 0x20, 0x20, 0x20, 0x20, 0x20, 0x20, 0x20, 0x20, 0x20, 
	0x20, 0x20, 0x20, 0x20, 0x3c, 0x2f, 0x74, 0x72, 0x3e, 0xa, 
	0x20, 0x20, 0x20, 0x20, 0x20, 0x20, 0x20, 0x20, 0x20, 0x20, 
	0x20, 0x20, 0x20, 0x20, 0x20, 0x20, 0x3c, 0x74, 0x72, 0x3e, 
	0xa, 0x20, 0x20, 0x20, 0x20, 0x20, 0x20, 0x20, 0x20, 0x20, 
	0x20, 0x20, 0x20, 0x20, 0x20, 0x20, 0x20, 0x20, 0x20, 0x20, 
	0x20, 0x3c, 0x74, 0x64, 0x20, 0x73, 0x74, 0x79, 0x6c, 0x65, 
	0x3d, 0x22, 0x77, 0x69, 0x64, 0x74, 0x68, 0x3a, 0x20, 0x33, 
	0x33, 0x2e, 0x33, 0x33, 0x33, 0x33, 0x33, 0x33, 0x25, 0x3b, 
	0x22, 0x3e, 0x43, 0x41, 0x4e, 0x31, 0x3a, 0x20, 0x4f, 0x70, 
	0x65, 0x72, 0x61, 0x74, 0x69, 0x6e, 0x67, 0x20, 0x6d, 0x6f, 
	0x64, 0x65, 0x3c, 0x2f, 0x74, 0x64, 0x3e, 0xa, 0x20, 0x20, 
	0x20, 0x20, 0x20, 0x20, 0x20, 0x20, 0x20, 0x20, 0x20, 0x20, 
	0x20, 0x20, 0x20, 0x20, 0x20, 0x20, 0x20, 0x20, 0x3c, 0x74, 
	0x64, 0x20, 0x73, 0x74, 0x79, 0x6c, 0x65, 0x3d, 0x22, 0x77, 
	0x69, 0x64, 0x74, 0x68, 0x3a, 0x20, 0x33, 0x33, 0x2e, 0x33, 
	0x33, 0x33, 0x33, 0x33, 0x33, 0x25, 0x3b, 0x22, 0x3e, 0x3c, 
	0x21, 0x2d, 0x2d, 0x23, 0x6d, 0x6f, 0x64, 0x65, 0x31, 0x2d, 
	0x2d, 0x3e, 0x3c, 0x2f, 0x74, 0x64, 0x3e, 0xa, 0x20, 0x20, 
	0x20, 0x20, 0x20, 0x20, 0x20, 0x20, 0x20, 0x20, 0x20, 0x20, 
	0x20, 0x20, 0x20, 0x20, 0x20, 0x20, 0x20, 0x20, 0x3c, 0x74, 
	0x64, 0x20, 0x73, 0x74, 0x79, 0x6c, 0x65, 0x3d, 0x22, 0x77, 
	0x69, 0x64, 0x74, 0x68, 0x3a, 0x20, 0x33, 0x33, 0x2e, 0x33, 
	0x33, 0x33, 0x33, 0x33, 0x33, 0x25, 0x3b, 0x22, 0x3e, 0xa, 
	0x20, 0x20, 0x20, 0x20, 0x20, 0x20, 0x20, 0x20, 0x20, 0x20, 
	0x20, 0x20, 0x20, 0x20, 0x20, 0x20, 0x20, 0x20, 0x20, 0x20, 
	0x20, 0x20, 0x20, 0x20, 0x3c, 0x73, 0x65, 0x6c, 0x65, 0x63, 
	0x74, 0x20, 0x6e, 0x61, 0x6d, 0x65, 0x3d, 0x22, 0x6d, 0x6f, 
	0x64, 0x65, 0x31, 0x22, 0x20, 0x69, 0x64, 0x3d, 0x22, 0x6d, 
	0x6f, 0x64, 0x65, 0x31, 0x2d, 0x73, 0x65, 0x6c, 0x65, 0x63, 
	0x74, 0x22, 0x3e, 0xa, 0x20, 0x20, 0x20, 0x20, 0x20, 0x20, 
	0x20, 0x20, 0x20, 0x20, 0x20, 0x20, 0x20, 0x20, 0x20, 0x20, 
	0x20, 0x20, 0x20, 0x20, 0x20, 0x20, 0x20, 0x20, 0x20, 0x20, 
	0x20, 0x20, 0x3c, 0x6f, 0x70, 0x74, 0x69, 0x6f, 0x6e, 0x20, 
	0x76, 0x61, 0x6c, 0x75, 0x65, 0x3d, 0x22, 0x30, 0x22, 0x3e, 
	0x2d, 0x3c, 0x2f, 0x6f, 0x70, 0x74, 0x69, 0x6f, 0x6e, 0x3e, 
	0xa, 0x20, 0x20, 0x20, 0x20, 0x20, 0x20, 0x20, 0x20, 0x20, 
	0x20, 0x20, 0x20, 0x20, 0x20, 0x20, 0x20, 0x20, 0x20, 0x20, 
	0x20, 0x20, 0x20, 0x20, 0x20, 0x20, 0x20, 0x20, 0x20, 0x3c, 
	0x6f, 0x70, 0x74, 0x69, 0x6f, 0x6e, 0x20, 0x76, 0x61, 0x6c, 
	0x75, 0x65, 0x3d, 0x22, 0x31, 0x22, 0x3e, 0x6e, 0x6f, 0x72, 
	0x6d, 0x61, 0x6c, 0x3c, 0x2f, 0x6f, 0x70, 0x74, 0x69, 0x6f, 
	0x6e, 0x3e, 0xa, 0x20, 0x20, 0x20, 0x20, 0x20, 0x20, 0x20, 
	0x20, 0x20, 0x20, 0x20, 0x20, 0x20, 0x20, 0x20, 0x20, 0x20, 
	0x20, 0x20, 0x20, 0x20, 0x20, 0x20, 0x20, 0x20, 0x20, 0x20, 
	0x20, 0x3c, 0x6f, 0x70, 0x74, 0x69, 0x6f, 0x6e, 0x20, 0x76, 
	0x61, 0x6c, 0x75, 0x65, 0x3d, 0x22, 0x32, 0x22, 0x3e, 0x6c, 
	0x69, 0x73, 0x74, 0x65, 0x6e, 0x20, 0x6f, 0x6e, 0x6c, 0x79, 
	0x3c, 0x2f, 0x6f, 0x70, 0x74, 0x69, 0x6f, 0x6e, 0x3e, 0xa, 
	0x20, 0x20, 0x20, 0x20, 0x20, 0x20, 0x20, 0x20, 0x20, 0x20, 
	0x20, 0x20, 0x20, 0x20, 0x20, 0x20, 0x20, 0x20, 0x20, 0x20, 
	0x20, 0x20, 0x20, 0x20, 0x20, 0x20, 0x20, 0x20, 0x3c, 0x6f, 
	0x70, 0x74, 0x69, 0x6f, 0x6e, 0x20, 0x76, 0x61, 0x6c, 0x75, 
	0x65, 0x3d, 0x22, 0x33, 0x22, 0x3e, 0x6f, 0x66, 0x66, 0x3c, 
	0x2f, 0x6f, 0x70, 0x74, 0x69, 0x6f, 0x6e, 0x3e, 0xa, 0x20, 
	0x20, 0x20, 0x20, 0x20, 0x20, 0x20, 0x20, 0x20, 0x20, 0x20, 
	0x20, 0x20, 0x20, 0x20, 0x20, 0x20, 0x20, 0x20, 0x20, 0x20, 
	0x20, 0x20, 0x20, 0x3c, 0x2f, 0x73, 0x65, 0x6c, 0x65, 0x63, 
	0x74, 0x3e, 0xa, 0x20, 0x20, 0x20, 0x20, 0x20, 0x20, 0x20, 
	0x20, 0x20, 0x20, 0x20, 0x20, 0x20, 0x20, 0x20, 0x20, 0x20, 
	0x20, 0x20, 0x20, 0x3c, 0x2f, 0x74, 0x64, 0x3e, 0xa, 0x20, 
	0x20, 0x20, 0x20, 0x20, 0x20, 0x20, 0x20, 0x20, 0x20, 0x20, 
	0x20, 0x20, 0x20, 0x20, 0x20, 0x3c, 0x2f, 0x74, 0x72, 0x3e, 
	0xa, 0x20, 0x20, 0x20, 0x20, 0x20, 0x20, 0x20, 0x20, 0x20, 
	0x20, 0x20, 0x20, 0x20, 0x20, 0x20, 0x20, 0x3c, 0x74, 0x72, 
	0x3e, 0xa, 0x20, 0x20, 0x20, 0x20, 0x20, 0x20, 0x20, 0x20, 
	0x20, 0x20, 0x20, 0x20, 0x20, 0x20, 0x20, 0x20, 0x20, 0x20, 
	0x20, 0x20, 0x3c, 0x74, 0x64, 0x20, 0x73, 0x74, 0x79, 0x6c, 
	0x65, 0x3d, 0x22, 0x77, 0x69, 0x64, 0x74, 0x68, 0x3a, 0x20, 
	0x33, 0x33, 0x2e, 0x33, 0x33, 0x33, 0x33, 0x33, 0x33, 0x25, 
	0x3b, 0x22, 0x3e, 0x43, 0x41, 0x4e, 0x32, 0x3a, 0x20, 0x42, 
	0x61, 0x75, 0x64, 0x72, 0x61, 0x74, 0x65, 0x3c, 0x2f, 0x74, 
	0x64, 0x3e, 0xa, 0x20, 0x20, 0x20, 0x20, 0x20, 0x20, 0x20, 
	0x20, 0x20, 0x20, 0x20, 0x20, 0x20, 0x20, 0x20, 0x20, 0x20, 
	0x20, 0x20, 0x20, 0x3c, 0x74, 0x64, 0x20, 0x73, 0x74, 0x79, 
	0x6c, 0x65, 0x3d, 0x22, 0x77, 0x69, 0x64, 0x74, 0x68, 0x3a, 
	0x20, 0x33, 0x33, 0x2e, 0x33, 0x33, 0x33, 0x33, 0x33, 0x33, 
	0x25, 0x3b, 0x22, 0x3e, 0x3c, 0x21, 0x2d, 0x2d, 0x23, 0x62, 
	0x61, 0x75, 0x64, 0x72, 0x61, 0x74, 0x65, 0x32, 0x2d, 0x2d, 
	0x3e, 0x3c, 0x2f, 0x74, 0x64, 0x3e, 0xa, 0x20, 0x20, 0x20, 
	0x20, 0x20, 0x20, 0x20, 0x20, 0x20, 0x20, 0x20, 0x20, 0x20, 
	0x20, 0x20, 0x20, 0x20, 0x20, 0x20, 0x20, 0x3c, 0x74, 0x64, 
	0x20, 0x73, 0x74, 0x79, 0x6c, 0x65, 0x3d, 0x22, 0x77, 0x69, 
	0x64, 0x74, 0x68, 0x3a, 0x20, 0x33, 0x33, 0x2e, 0x33, 0x33, 
	0x33, 0x33, 0x33, 0x33, 0x25, 0x3b, 0x22, 0x3e, 0xa, 0x20, 
	0x20, 0x20, 0x20, 0x20, 0x20, 0x20, 0x20, 0x20, 0x20, 0x20, 
	0x20, 0x20, 0x20, 0x20, 0x20, 0x20, 0x20, 0x20, 0x20, 0x20, 
	0x20, 0x20, 0x20, 0x3c, 0x73, 0x65, 0x6c, 0x65, 0x63, 0x74, 
	0x20, 0x6e, 0x61, 0x6d, 0x65, 0x3d, 0x22, 0x62, 0x61, 0x75, 
	0x64, 0x72, 0x61, 0x74, 0x65, 0x32, 0x22, 0x20, 0x69, 0x64, 
	0x3d, 0x22, 0x62, 0x61, 0x75, 0x64, 0x72, 0x61, 0x74, 0x65, 
	0x32, 0x2d, 0x73, 0x65, 0x6c, 0x65, 0x63, 0x74, 0x22, 0x3e, 
	0xa, 0x20, 0x20, 0x20, 0x20, 0x20, 0x20, 0x20, 0x20, 0x20, 
	0x20, 0x20, 0x20, 0x20, 0x20, 0x20, 0x20, 0x20, 0x20, 0x20, 
	0x20, 0x20, 0x20, 0x20, 0x20, 0x3c, 0x6f, 0x70, 0x74, 0x69, 
	0x6f, 0x6e, 0x20, 0x76, 0x61, 0x6c, 0x75, 0x65, 0x3d, 0x22, 
	0x30, 0x22, 0x3e, 0x2d, 0x3c, 0x2f, 0x6f, 0x70, 0x74, 0x69, 
	0x6f, 0x6e, 0x3e, 0xa, 0x20, 0x20, 0x20, 0x20, 0x20, 0x20, 
	0x20, 0x20, 0x20, 0x20, 0x20, 0x20, 0x20, 0x20, 0x20, 0x20, 
	0x20, 0x20, 0x20, 0x20, 0x20, 0x20, 0x20, 0x20, 0x3c, 0x6f, 
	0x70, 0x74, 0x69, 0x6f, 0x6e, 0x20, 0x76, 0x61, 0x6c, 0x75, 
	0x65, 0x3d, 0x22, 0x32, 0x35, 0x30, 0x30, 0x30, 0x30, 0x22, 
	0x3e, 0x32, 0x35, 0x30, 0x20, 0x6b, 0x62, 0x69, 0x74, 0x2f, 
	0x73, 0x3c, 0x2f, 0x6f, 0x70, 0x74, 0x69, 0x6f, 0x6e, 0x3e, 
	0xa, 0x20, 0x20, 0x20, 0x20, 0x20, 0x20, 0x20, 0x20, 0x20, 
	0x20, 0x20, 0x20, 0x20, 0x20, 0x20, 0x20, 0x20, 0x20, 0x20, 
	0x20, 0x20, 0x20, 0x20, 0x20, 0x3c, 0x6f, 0x70, 0x74, 0x69, 
	0x6f, 0x6e, 0x20, 0x76, 0x61, 0x6c, 0x75, 0x65, 0x3d, 0x22, 
	0x35, 0x30, 0x30, 0x30, 0x30, 0x30, 0x22, 0x3e, 0x35, 0x30, 
	0x30, 0x20, 0x6b, 0x62, 0x69, 0x74, 0x2f, 0x73, 0x3c, 0x2f, 
	0x6f, 0x70, 0x74, 0x69, 0x6f, 0x6e, 0x3e, 0xa, 0x20, 0x20, 
	0x20, 0x20, 0x20, 0x20, 0x20, 0x20, 0x20, 0x20, 0x20, 0x20, 
	0x20, 0x20, 0x20, 0x20, 0x20, 0x20, 0x20, 0x20, 0x20, 0x20, 
	0x20, 0x20, 0x3c, 0x6f, 0x70, 0x74, 0x69, 0x6f, 0x6e, 0x20, 
	0x76, 0x61, 0x6c, 0x75, 0x65, 0x3d, 0x22, 0x31, 0x30, 0x30, 
	0x30, 0x30, 0x30, 0x30, 0x22, 0x3e, 0x31, 0x20, 0x4d, 0x62, 
	0x69, 0x74, 0x2f, 0x73, 0x3c, 0x2f, 0x6f, 0x70, 0x74, 0x69, 
	0x6f, 0x6e, 0x3e, 0xa, 0x20, 0x20, 0x20, 0x20, 0x20, 0x20, 
	0x20, 0x20, 0x20, 0x20, 0x20, 0x20, 0x20, 0x20, 0x20, 0x20, 
	0x20, 0x20, 0x20, 0x20, 0x3c, 0x2f, 0x73, 0x65, 0x6c, 0x65, 
	0x63, 0x74, 0x3e, 0x3c, 0x2f, 0x74, 0x64, 0x3e, 0xa, 0x20, 
	0x20, 0x20, 0x20, 0x20, 0x20, 0x20, 0x20, 0x20, 0x20, 0x20, 
	0x20, 0x20, 0x20, 0x20, 0x20, 0x3c, 0x2f, 0x74, 0x72, 0x3e, 
	0xa, 0x20, 0x20, 0x20, 0x20, 0x20, 0x20, 0x20, 0x20, 0x20, 
	0x20, 0x20, 0x20, 0x20, 0x20, 0x20, 0x20, 0x3c, 0x74, 0x72, 
	0x3e, 0xa, 0x20, 0x20, 0x20, 0x20, 0x20, 0x20, 0x20, 0x20, 
	0x20, 0x20, 0x20, 0x20, 0x20, 0x20, 0x20, 0x20, 0x20, 0x20, 
	0x20, 0x20, 0x3c, 0x74, 0x64, 0x20, 0x73, 0x74, 0x79, 0x6c, 
	0x65, 0x3d, 0x22, 0x77, 0x69, 0x64, 0x74, 0x68, 0x3a, 0x20, 
	0x33, 0x33, 0x2e, 0x33, 0x33, 0x33, 0x33, 0x33, 0x33, 0x25, 
	0x3b, 0x22, 0x3e, 0x43, 0x41, 0x4e, 0x32, 0x3a, 0x20, 0x4f, 
	0x70, 0x65, 0x72, 0x61, 0x74, 0x69, 0x6e, 0x67, 0x20, 0x6d, 
	0x6f, 0x64, 0x65, 0x3c, 0x2f, 0x74, 0x64, 0x3e, 0xa, 0x20, 
	0x20, 0x20, 0x20, 0x20, 0x20, 0x20, 0x20, 0x20, 0x20, 0x20, 
	0x20, 0x20, 0x20, 0x20, 0x20, 0x20, 0x20, 0x20, 0x20, 0x3c, 
	0x74, 0x64, 0x20, 0x73, 0x74, 0x79, 0x6c, 0x65, 0x3d, 0x22, 
	0x77, 0x69, 0x64, 0x74, 0x68, 0x3a, 0x20, 0x33, 0x33, 0x2e, 
	0x33, 0x33, 0x33, 0x33, 0x33, 0x33, 0x25, 0x3b, 0x22, 0x3e, 
	0x3c, 0x21, 0x2d, 0x2d, 0x23, 0x6d, 0x6f, 0x64, 0x65, 0x32, 
	0x2d, 0x2d, 0x3e, 0x3c, 0x2f, 0x74, 0x64, 0x3e, 0xa, 0x20, 
	0x20, 0x20, 0x20, 0x20, 0x20, 0x20, 0x20, 0x20, 0x20, 0x20, 
	0x20, 0x20, 0x20, 0x20, 0x20, 0x20, 0x20, 0x20, 0x20, 0x3c, 
	0x74, 0x64, 0x20, 0x73, 0x74, 0x79, 0x6c, 0x65, 0x3d, 0x22, 
	0x77, 0x69, 0x64, 0x74, 0x68, 0x3a, 0x20, 0x33, 0x33, 0x2e, 
	0x33, 0x33, 0x33, 0x33, 0x33, 0x33, 0x25, 0x3b, 0x22, 0x3e, 
	0xa, 0x20, 0x20, 0x20, 0x20, 0x20, 0x20, 0x20, 0x20, 0x20, 
	0x20, 0x20, 0x20, 0x20, 0x20, 0x20, 0x20, 0x20, 0x20, 0x20, 
	0x20, 0x20, 0x20, 0x20, 0x20, 0x3c, 0x73, 0x65, 0x6c, 0x65, 
	0x63, 0x74, 0x20, 0x6e, 0x61, 0x6d, 0x65, 0x3d, 0x22, 0x6d, 
	0x6f, 0x64, 0x65, 0x32, 0x22, 0x20, 0x69, 0x64, 0x3d, 0x22, 
	0x6d, 0x6f, 0x64, 0x65, 0x32, 0x2d, 0x73, 0x65, 0x6c, 0x65, 
	0x63, 0x74, 0x22, 0x3e, 0xa, 0x20, 0x20, 0x20, 0x20, 0x20, 
	0x20, 0x20, 0x20, 0x20, 0x20, 0x20, 0x20, 0x20, 0x20, 0x20, 
	0x20, 0x20, 0x20, 0x20, 0x20, 0x20, 0x20, 0x20, 0x20, 0x20, 
	0x20, 0x20, 0x20, 0x3c, 0x6f, 0x70, 0x74, 0x69, 0x6f, 0x6e, 
	0x20, 0x76, 0x61, 0x6c, 0x75, 0x65, 0x3d, 0x22, 0x30, 0x22, 
	0x3e, 0x2d, 0x3c, 0x2f, 0x6f, 0x70, 0x74, 0x69, 0x6f, 0x6e, 
	0x3e, 0xa, 0x20, 0x20, 0x20, 0x20, 0x20, 0x20, 0x20, 0x20, 
	0x20, 0x20, 0x20, 0x20, 0x20, 0x20, 0x20, 0x20, 0x20, 0x20, 
	0x20, 0x20, 0x20, 0x20, 0x20, 0x20, 0x20, 0x20, 0x20, 0x20, 
	0x3c, 0x6f, 0x70, 0x74, 0x69, 0x6f, 0x6e, 0x20, 0x76, 0x61, 
	0x6c, 0x75, 0x65, 0x3d, 0x22, 0x31, 0x22, 0x3e, 0x6e, 0x6f, 
	0x72, 0x6d, 0x61, 0x6c, 0x3c, 0x2f, 0x6f, 0x70, 0x74, 0x69, 
	0x6f, 0x6e, 0x3e, 0xa, 0x20, 0x20, 0x20, 0x20, 0x20, 0x20, 
	0x20, 0x20, 0x20, 0x20, 0x20, 0x20, 0x20, 0x20, 0x20, 0x20, 
	0x20, 0x20, 0x20, 0x20, 0x20, 0x20, 0x20, 0x20, 0x20, 0x20, 
	0x20, 0x20, 0x3c, 0x6f, 0x70, 0x74, 0x69, 0x6f, 0x6e, 0x20, 
	0x76, 0x61, 0x6c, 0x75, 0x65, 0x3d, 0x22, 0x32, 0x22, 0x3e, 
	0x6c, 0x69, 0x73, 0x74, 0x65, 0x6e, 0x20, 0x6f, 0x6e, 0x6c, 
	0x79, 0x3c, 0x2f, 0x6f, 0x70, 0x74, 0x69, 0x6f, 0x6e, 0x3e, 
	0xa, 0x20, 0x20, 0x20, 0x20, 0x20, 0x20, 0x20, 0x20, 0x20, 
	0x20, 0x20, 0x20, 0x20, 0x20, 0x20, 0x20, 0x20, 0x20, 0x20, 
	0x20, 0x20, 0x20, 0x20, 0x20, 0x20, 0x20, 0x20, 0x20, 0x3c, 
	0x6f, 0x70, 0x74, 0x69, 0x6f, 0x6e, 0x20, 0x76, 0x61, 0x6c, 
	0x75, 0x65, 0x3d, 0x22, 0x33, 0x22, 0x3e, 0x6f, 0x66, 0x66, 
	0x3c, 0x2f, 0x6f, 0x70, 0x74, 0x69, 0x6f, 0x6e, 0x3e, 0xa, 
	0x20, 0x20, 0x20, 0x20, 0x20, 0x20, 0x20, 0x20, 0x20, 0x20, 
	0x20, 0x20, 0x20, 0x20, 0x20, 0x20, 0x20, 0x20, 0x20, 0x20, 
	0x20, 0x20, 0x20, 0x20, 0x3c, 0x2f, 0x73, 0x65, 0x6c, 0x65, 
	0x63, 0x74, 0x3e, 0xa, 0x20, 0x20, 0x20, 0x20, 0x20, 0x20, 
	0x20, 0x20, 0x20, 0x20, 0x20, 0x20, 0x20, 0x20, 0x20, 0x20, 
	0x20, 0x20, 0x20, 0x20, 0x3c, 0x2f, 0x74, 0x64, 0x3e, 0xa, 
	0x20, 0x20, 0x20, 0x20, 0x20, 0x20, 0x20, 0x20, 0x20, 0x20, 
	0x20, 0x20, 0x20, 0x20, 0x20, 0x20, 0x3c, 0x2f, 0x74, 0x72, 
	0x3e, 0xa, 0x20, 0x20, 0x20, 0x20, 0x20, 0x20, 0x20, 0x20, 
	0x20, 0x20, 0x20, 0x20, 0x3c, 0x2f, 0x74, 0x62, 0x6f, 0x64, 
	0x79, 0x3e, 0xa, 0x20, 0x20, 0x20, 0x20, 0x20, 0x20, 0x20, 
	0x20, 0x3c, 0x2f, 0x74, 0x61, 0x62, 0x6c, 0x65, 0x3e, 0xa, 
	0x20, 0x20, 0x20, 0x20, 0x20, 0x20, 0x20, 0x20, 0x3c, 0x62, 
	0x72, 0x3e, 0xa, 0x20, 0x20, 0x20, 0x20, 0x20, 0x20, 0x20, 
	0x20, 0x3c, 0x62, 0x72, 0x3e, 0xa, 0x20, 0x20, 0x20, 0x20, 
	0x3c, 0x2f, 0x66, 0x6f, 0x72, 0x6d, 0x3e, 0xa, 0x20, 0x20, 
	0x20, 0x20, 0x3c, 0x21, 0x2d, 0x2d, 0x20, 0x41, 0x50, 0x50, 
	0x4c, 0x59, 0x20, 0x46, 0x4f, 0x52, 0x4d, 0x20, 0x28, 0x76, 
	0x69, 0x61, 0x20, 0x4a, 0x53, 0x2c, 0x20, 0x61, 0x64, 0x64, 
	0x73, 0x20, 0x60, 0x61, 0x63, 0x74, 0x69, 0x6f, 0x6e, 0x3d, 
	0x61, 0x70, 0x70, 0x6c, 0x79, 0x60, 0x29, 0x20, 0x2d, 0x2d, 
	0x3e, 0xa, 0x20, 0x20, 0x20, 0x20, 0x3c, 0x66, 0x6f, 0x72, 
	0x6d, 0x20, 0x6d, 0x65, 0x74, 0x68, 0x6f, 0x64, 0x3d, 0x22, 
	0x50, 0x4f, 0x53, 0x54, 0x22, 0x20, 0x61, 0x63, 0x74, 0x69, 
	0x6f, 0x6e, 0x3d, 0x22, 0x2f, 0x63, 0x61, 0x6e, 0x2e, 0x63, 
	0x67, 0x69, 0x22, 0x20, 0x69, 0x64, 0x3d, 0x22, 0x61, 0x70, 
	0x70, 0x6c, 0x79, 0x2d, 0x66, 0x6f, 0x72, 0x6d, 0x22, 0x3e, 
	0xa, 0x20, 0x20, 0x20, 0x20, 0x20, 0x20, 0x20, 0x20, 0x3c, 
	0x69, 0x6e, 0x70, 0x75, 0x74, 0x20, 0x74, 0x79, 0x70, 0x65, 
	0x3d, 0x22, 0x68, 0x69, 0x64, 0x64, 0x65, 0x6e, 0x22, 0x20, 
	0x6e, 0x61, 0x6d, 0x65, 0x3d, 0x22, 0x62, 0x61, 0x75, 0x64, 
	0x72, 0x61, 0x74, 0x65, 0x31, 0x22, 0x20, 0x69, 0x64, 0x3d, 
	0x22, 0x61, 0x70, 0x70, 0x6c, 0x79, 0x2d, 0x62, 0x61, 0x75, 
	0x64, 0x72, 0x61, 0x74, 0x65, 0x31, 0x22, 0x3e, 0xa, 0x20, 
	0x20, 0x20, 0x20, 0x20, 0x20, 0x20, 0x20, 0x3c, 0x69, 0x6e, 
	0x70, 0x75, 0x74, 0x20, 0x74, 0x79, 0x70, 0x65, 0x3d, 0x22, 
	0x68, 0x69, 0x64, 0x64, 0x65, 0x6e, 0x22, 0x20, 0x6e, 0x61, 
	0x6d, 0x65, 0x3d, 0x22, 0x6d, 0x6f, 0x64, 0x65, 0x31, 0x22, 
	0x20, 0x69, 0x64, 0x3d, 0x22, 0x61, 0x70, 0x70, 0x6c, 0x79, 
	0x2d, 0x6d, 0x6f, 0x64, 0x65, 0x31, 0x22, 0x3e, 0xa, 0x20, 
	0x20, 0x20, 0x20, 0x20, 0x20, 0x20, 0x20, 0x3c, 0x69, 0x6e, 
	0x70, 0x75, 0x74, 0x20, 0x74, 0x79, 0x70, 0x65, 0x3d, 0x22, 
	0x68, 0x69, 0x64, 0x64, 0x65, 0x6e, 0x22, 0x20, 0x6e, 0x61, 
	0x6d, 0x65, 0x3d, 0x22, 0x62, 0x61, 0x75, 0x64, 0x72, 0x61, 
	0x74, 0x65, 0x32, 0x22, 0x20, 0x69, 0x64, 0x3d, 0x22, 0x61, 
	0x70, 0x70, 0x6c, 0x79, 0x2d, 0x62, 0x61, 0x75, 0x64, 0x72, 
	0x61, 0x74, 0x65, 0x32, 0x22, 0x3e, 0xa, 0x20, 0x20, 0x20, 
	0x20, 0x20, 0x20, 0x20, 0x20, 0x3c, 0x69, 0x6e, 0x70, 0x75, 
	0x74, 0x20, 0x74, 0x79, 0x70, 0x65, 0x3d, 0x22, 0x68, 0x69, 
	0x64, 0x64, 0x65, 0x6e, 0x22, 0x20, 0x6e, 0x61, 0x6d, 0x65, 
	0x3d, 0x22, 0x6d, 0x6f, 0x64, 0x65, 0x32, 0x22, 0x20, 0x69, 
	0x64, 0x3d, 0x22, 0x61, 0x70, 0x70, 0x6c, 0x79, 0x2d, 0x6d, 
	0x6f, 0x64, 0x65, 0x32, 0x22, 0x3e, 0xa, 0x20, 0x20, 0x20, 
	0x20, 0x20, 0x20, 0x20, 0x20, 0x3c, 0x69, 0x6e, 0x70, 0x75, 
	0x74, 0x20, 0x74, 0x79, 0x70, 0x65, 0x3d, 0x22, 0x68, 0x69, 
	0x64, 0x64, 0x65, 0x6e, 0x22, 0x20, 0x6e, 0x61, 0x6d, 0x65, 
	0x3d, 0x22, 0x61, 0x63, 0x74, 0x69, 0x6f, 0x6e, 0x22, 0x20, 
	0x76, 0x61, 0x6c, 0x75, 0x65, 0x3d, 0x22, 0x61, 0x70, 0x70, 
	0x6c, 0x79, 0x22, 0x3e, 0xa, 0x20, 0x20, 0x20, 0x20, 0x20, 
	0x20, 0x20, 0x20, 0x3c, 0x62, 0x75, 0x74, 0x74, 0x6f, 0x6e, 
	0x20, 0x74, 0x79, 0x70, 0x65, 0x3d, 0x22, 0x73, 0x75, 0x62, 
	0x6d, 0x69, 0x74, 0x22, 0x20, 0x69, 0x64, 0x3d, 0x22, 0x61, 
	0x70, 0x70, 0x6c, 0x79, 0x2d, 0x62, 0x75, 0x74, 0x74, 0x6f, 
	0x6e, 0x22, 0x3e, 0x41, 0x70, 0x70, 0x6c, 0x79, 0x3c, 0x2f, 
	0x62, 0x75, 0x74, 0x74, 0x6f, 0x6e, 0x3e, 0xa, 0x20, 0x20, 
	0x20, 0x20, 0x3c, 0x2f, 0x66, 0x6f, 0x72, 0x6d, 0x3e, 0xa, 
	0x20, 0x20, 0x20, 0x20, 0xa, 0x20, 0x20, 0x20, 0x20, 0x3c, 
	0x21, 0x2d, 0x2d, 0x20, 0x53, 0x41, 0x56, 0x45, 0x20, 0x46, 
	0x4f, 0x52, 0x4d, 0x20, 0x28, 0x76, 0x69, 0x61, 0x20, 0x4a, 
	0x53, 0x2c, 0x20, 0x61, 0x64, 0x64, 0x73, 0x20, 0x60, 0x61, 
	0x63, 0x74, 0x69, 0x6f, 0x6e, 0x3d, 0x73, 0x61, 0x76, 0x65, 
	0x60, 0x29, 0x20, 0x2d, 0x2d, 0x3e, 0xa, 0x20, 0x20, 0x20, 
	0x20, 0x3c, 0x66, 0x6f, 0x72, 0x6d, 0x20, 0x6d, 0x65, 0x74, 
	0x68, 0x6f, 0x64, 0x3d, 0x22, 0x50, 0x4f, 0x53, 0x54, 0x22, 
	0x20, 0x61, 0x63, 0x74, 0x69, 0x6f, 0x6e, 0x3d, 0x22, 0x2f, 
	0x63, 0x61, 0x6e, 0x2e, 0x63, 0x67, 0x69, 0x22, 0x20, 0x69, 
	0x64, 0x3d, 0x22, 0x73, 0x61, 0x76, 0x65, 0x2d, 0x66, 0x6f, 
	0x72, 0x6d, 0x22, 0x3e, 0xa, 0x20, 0x20, 0x20, 0x20, 0x20, 
	0x20, 0x20, 0x20, 0x3c, 0x69, 0x6e, 0x70, 0x75, 0x74, 0x20, 
	0x74, 0x79, 0x70, 0x65, 0x3d, 0x22, 0x68, 0x69, 0x64, 0x64, 
	0x65, 0x6e, 0x22, 0x20, 0x6e, 0x61, 0x6d, 0x65, 0x3d, 0x22, 
	0x62, 0x61, 0x75, 0x64, 0x72, 0x61, 0x74, 0x65, 0x31, 0x22, 
	0x20, 0x69, 0x64, 0x3d, 0x22, 0x73, 0x61, 0x76, 0x65, 0x2d, 
	0x62, 0x61, 0x75, 0x64, 0x72, 0x61, 0x74, 0x65, 0x31, 0x22, 
	0x3e, 0xa, 0x20, 0x20, 0x20, 0x20, 0x20, 0x20, 0x20, 0x20, 
	0x3c, 0x69, 0x6e, 0x70, 0x75, 0x74, 0x20, 0x74, 0x79, 0x70, 
	0x65, 0x3d, 0x22, 0x68, 0x69, 0x64, 0x64, 0x65, 0x6e, 0x22, 
	0x20, 0x6e, 0x61, 0x6d, 0x65, 0x3d, 0x22, 0x6d, 0x6f, 0x64, 
	0x65, 0x31, 0x22, 0x20, 0x69, 0x64, 0x3d, 0x22, 0x73, 0x61, 
	0x76, 0x65, 0x2d, 0x6d, 0x6f, 0x64, 0x65, 0x31, 0x22, 0x3e, 
	0xa, 0x20, 0x20, 0x20, 0x20, 0x20, 0x20, 0x20, 0x20, 0x3c, 
	0x69, 0x6e, 0x70, 0x75, 0x74, 0x20, 0x74, 0x79, 0x70, 0x65, 
	0x3d, 0x22, 0x68, 0x69, 0x64, 0x64, 0x65, 0x6e, 0x22, 0x20, 
	0x6e, 0x61, 0x6d, 0x65, 0x3d, 0x22, 0x62, 0x61, 0x75, 0x64, 
	0x72, 0x61, 0x74, 0x65, 0x32, 0x22, 0x20, 0x69, 0x64, 0x3d, 
	0x22, 0x73, 0x61, 0x76, 0x65, 0x2d, 0x62, 0x61, 0x75, 0x64, 
	0x72, 0x61, 0x74, 0x65, 0x32, 0x22, 0x3e, 0xa, 0x20, 0x20, 
	0x20, 0x20, 0x20, 0x20, 0x20, 0x20, 0x3c, 0x69, 0x6e, 0x70, 
	0x75, 0x74, 0x20, 0x74, 0x79, 0x70, 0x65, 0x3d, 0x22, 0x68, 
	0x69, 0x64, 0x64, 0x65, 0x6e, 0x22, 0x20, 0x6e, 0x61, 0x6d, 
	0x65, 0x3d, 0x22, 0x6d, 0x6f, 0x64, 0x65, 0x32, 0x22, 0x20, 
	0x69, 0x64, 0x3d, 0x22, 0x73, 0x61, 0x76, 0x65, 0x2d, 0x6d, 
	0x6f, 0x64, 0x65, 0x32, 0x22, 0x3e, 0xa, 0x20, 0x20, 0x20, 
	0x20, 0x20, 0x20, 0x20, 0x20, 0x3c, 0x69, 0x6e, 0x70, 0x75, 
	0x74, 0x20, 0x74, 0x79, 0x70, 0x65, 0x3d, 0x22, 0x68, 0x69, 
	0x64, 0x64, 0x65, 0x6e, 0x22, 0x20, 0x6e, 0x61, 0x6d, 0x65, 
	0x3d, 0x22, 0x61, 0x63, 0x74, 0x69, 0x6f, 0x6e, 0x22, 0x20, 
	0x76, 0x61, 0x6c, 0x75, 0x65, 0x3d, 0x22, 0x73, 0x61, 0x76, 
	0x65, 0x22, 0x3e, 0xa, 0x20, 0x20, 0x20, 0x20, 0x20, 0x20, 
	0x20, 0x20, 0x3c, 0x62, 0x75, 0x74, 0x74, 0x6f, 0x6e, 0x20, 
	0x74, 0x79, 0x70, 0x65, 0x3d, 0x22, 0x73, 0x75, 0x62, 0x6d, 
	0x69, 0x74, 0x22, 0x20, 0x69, 0x64, 0x3d, 0x22, 0x73, 0x61, 
	0x76, 0x65, 0x2d, 0x62, 0x75, 0x74, 0x74, 0x6f, 0x6e, 0x22, 
	0x3e, 0x53, 0x61, 0x76, 0x65, 0x3c, 0x2f, 0x62, 0x75, 0x74, 
	0x74, 0x6f, 0x6e, 0x3e, 0xa, 0x20, 0x20, 0x20, 0x20, 0x3c, 
	0x2f, 0x66, 0x6f, 0x72, 0x6d, 0x3e, 0xa, 0x20, 0x20, 0xa, 
	0x20, 0x20, 0x20, 0x20, 0x3c, 0x68, 0x33, 0x3e, 0xa, 0x20, 
	0x20, 0x20, 0x20, 0x20, 0x20, 0x20, 0x20, 0x3c, 0x66, 0x6f, 
	0x6e, 0x74, 0x20, 0x73, 0x69, 0x7a, 0x65, 0x3d, 0x22, 0x2d, 
	0x31, 0x22, 0x3e, 0xa, 0x20, 0x20, 0x20, 0x20, 0x20, 0x20, 
	0x20, 0x20, 0x20, 0x20, 0x20, 0x20, 0x3c, 0x73, 0x70, 0x61, 
	0x6e, 0x20, 0x73, 0x74, 0x79, 0x6c, 0x65, 0x3d, 0x22, 0x63, 
	0x6f, 0x6c, 0x6f, 0x72, 0x3a, 0x20, 0x62, 0x6c, 0x61, 0x63, 
	0x6b, 0x3b, 0x22, 0x3e, 0x3c, 0x2f, 0x73, 0x70, 0x61, 0x6e, 
	0x3e, 0xa, 0x20, 0x20, 0x20, 0x20, 0x20, 0x20, 0x20, 0x20, 
	0x3c, 0x2f, 0x66, 0x6f, 0x6e, 0x74, 0x3e, 0xa, 0x20, 0x20, 
	0x20, 0x20, 0x3c, 0x2f, 0x68, 0x33, 0x3e, 0xa, 0x20, 0x20, 
	0x20, 0x20, 0x3c, 0x68, 0x33, 0x20, 0x73, 0x74, 0x79, 0x6c, 
	0x65, 0x3d, 0x22, 0x66, 0x6f, 0x6e, 0x74, 0x2d, 0x77, 0x65, 
	0x69, 0x67, 0x68, 0x74, 0x3a, 0x20, 0x6e, 0x6f, 0x72, 0x6d, 
	0x61, 0x6c, 0x3b, 0x20, 0x66, 0x6f, 0x6e, 0x74, 0x2d, 0x66, 
	0x61, 0x6d, 0x69, 0x6c, 0x79, 0x3a, 0x20, 0x56, 0x65, 0x72, 
	0x64, 0x61, 0x6e, 0x61, 0x3b, 0x22, 0x3e, 0xa, 0x20, 0x20, 
	0x20, 0x20, 0x20, 0x20, 0x20, 0x20, 0x3c, 0x66, 0x6f, 0x6e, 
	0x74, 0x20, 0x73, 0x69, 0x7a, 0x65, 0x3d, 0x22, 0x2d, 0x31, 
	0x22, 0x3e, 0xa, 0x20, 0x20, 0x20, 0x20, 0x20, 0x20, 0x20, 
	0x20, 0x20, 0x20, 0x20, 0x20, 0x3c, 0x62, 0x72, 0x3e, 0xa, 
	0x20, 0x20, 0x20, 0x20, 0x20, 0x20, 0x20, 0x20, 0x3c, 0x2f, 
	0x66, 0x6f, 0x6e, 0x74, 0x3e, 0xa, 0x20, 0x20, 0x20, 0x20, 
	0x3c, 0x2f, 0x68, 0x33, 0x3e, 0xa, 0x20, 0x20, 0x20, 0x20, 
	0x3c, 0x21, 0x2d, 0x2d, 0x20, 0x2d, 0x2d, 0x2d, 0x2d, 0x2d, 
	0x2d, 0x2d, 0x2d, 0x2d, 0x2d, 0x2d, 0x2d, 0x2d, 0x20, 0x4a, 
	0x61, 0x76, 0x61, 0x53, 0x63, 0x72, 0x69, 0x70, 0x74, 0x20, 
	0x2d, 0x2d, 0x2d, 0x2d, 0x2d, 0x2d, 0x2d, 0x2d, 0x2d, 0x2d, 
	0x2d, 0x2d, 0x2d, 0x2d, 0x2d, 0x2d, 0x20, 0x2d, 0x2d, 0x3e, 
	0xa, 0x20, 0x20, 0x20, 0x20, 0x3c, 0x73, 0x63, 0x72, 0x69, 
	0x70, 0x74, 0x3e, 0xa, 0x20, 0x20, 0x20, 0x20, 0x64, 0x6f, 
	0x63, 0x75, 0x6d, 0x65, 0x6e, 0x74, 0x2e, 0x61, 0x64, 0x64, 
	0x45, 0x76, 0x65, 0x6e, 0x74, 0x4c, 0x69, 0x73, 0x74, 0x65, 
	0x6e, 0x65, 0x72, 0x28, 0x22, 0x44, 0x4f, 0x4d, 0x43, 0x6f, 
	0x6e, 0x74, 0x65, 0x6e, 0x74, 0x4c, 0x6f, 0x61, 0x64, 0x65, 
	0x64, 0x22, 0x2c, 0x20, 0x28, 0x29, 0x20, 0x3d, 0x3e, 0x20, 
	0x7b, 0xa, 0x20, 0x20, 0x20, 0x20, 0xa, 0x20, 0x20, 0x20, 
	0x20, 0x20, 0x20, 0x20, 0x20, 0x2f, 0x2a, 0x20, 0x2d, 0x2d, 
	0x2d, 0x2d, 0x2d, 0x2d, 0x2d, 0x2d, 0x2d, 0x2d, 0x20, 0x63, 
	0x6f, 0x6e, 0x66, 0x69, 0x67, 0x75, 0x72, 0x61, 0x74, 0x69, 
	0x6f, 0x6e, 0x20, 0x2d, 0x2d, 0x2d, 0x2d, 0x2d, 0x2d, 0x2d, 
	0x2d, 0x2d, 0x2d, 0x20, 0x2a, 0x2f, 0xa, 0x20, 0x20, 0x20, 
	0x20, 0x20, 0x20, 0x20, 0x20, 0x63, 0x6f, 0x6e, 0x73, 0x74, 
	0x20, 0x53, 0x54, 0x41, 0x54, 0x55, 0x53, 0x5f, 0x55, 0x52, 
	0x4c, 0x20, 0x20, 0x20, 0x3d, 0x20, 0x22, 0x2f, 0x6c, 0x6f, 
	0x67, 0x67, 0x65, 0x72, 0x2f, 0x73, 0x74, 0x61, 0x74, 0x75, 
	0x73, 0x22, 0x3b, 0x20, 0x20, 0x20, 0x2f, 0x2f, 0x20, 0xe2, 
	0x86, 0x90, 0x20, 0x79, 0x6f, 0x75, 0x72, 0x20, 0x43, 0x47, 
	0x49, 0x2f, 0x52, 0x45, 0x53, 0x54, 0x20, 0x65, 0x6e, 0x64, 
	0x70, 0x6f, 0x69, 0x6e, 0x74, 0xa, 0x20, 0x20, 0x20, 0x20, 
	0x20, 0x20, 0x20, 0x20, 0x63, 0x6f, 0x6e, 0x73, 0x74, 0x20, 
	0x50, 0x4f, 0x4c, 0x4c, 0x5f, 0x4d, 0x53, 0x20, 0x20, 0x20, 
	0x20, 0x20, 0x20, 0x3d, 0x20, 0x31, 0x30, 0x30, 0x30, 0x3b, 
	0x20, 0x20, 0x20, 0x20, 0x20, 0x20, 0x20, 0x20, 0x20, 0x20, 
	0x20, 0x20, 0x20, 0x20, 0x20, 0x20, 0x20, 0x20, 0x20, 0x20, 
	0x2f, 0x2f, 0x20, 0x68, 0x6f, 0x77, 0x20, 0x6f, 0x66, 0x74, 
	0x65, 0x6e, 0x20, 0x74, 0x6f, 0x20, 0x72, 0x65, 0x66, 0x72, 
	0x65, 0x73, 0x68, 0x20, 0x28, 0x6d, 0x73, 0x29, 0xa, 0x20, 
	0x20, 0x20, 0x20, 0x20, 0x20, 0x20, 0x20, 0x63, 0x6f, 0x6e, 
	0x73, 0x74, 0x20, 0x62, 0x74, 0x6e, 0x41, 0x70, 0x70, 0x6c, 
	0x79, 0x20, 0x20, 0x20, 0x20, 0x20, 0x3d, 0x20, 0x64, 0x6f, 
	0x63, 0x75, 0x6d, 0x65, 0x6e, 0x74, 0x2e, 0x67, 0x65, 0x74, 
	0x45, 0x6c, 0x65, 0x6d, 0x65, 0x6e, 0x74, 0x42, 0x79, 0x49, 
	0x64, 0x28, 0x22, 0x61, 0x70, 0x70, 0x6c, 0x79, 0x2d, 0x62, 
	0x75, 0x74, 0x74, 0x6f, 0x6e, 0x22, 0x29, 0x3b, 0xa, 0x20, 
	0x20, 0x20, 0x20, 0x20, 0x20, 0x20, 0x20, 0x63, 0x6f, 0x6e, 
	0x73, 0x74, 0x20, 0x62, 0x74, 0x6e, 0x53, 0x74, 0x61, 0x72, 
	0x74, 0x20, 0x20, 0x20, 0x20, 0x20, 0x3d, 0x20, 0x64, 0x6f, 
	0x63, 0x75, 0x6d, 0x65, 0x6e, 0x74, 0x2e, 0x67, 0x65, 0x74, 
	0x45, 0x6c, 0x65, 0x6d, 0x65, 0x6e, 0x74, 0x42, 0x79, 0x49, 
	0x64, 0x28, 0x22, 0x73, 0x74, 0x61, 0x72, 0x74, 0x2d, 0x62, 
	0x75, 0x74, 0x74, 0x6f, 0x6e, 0x22, 0x29, 0x3b, 0xa, 0x20, 
	0x20, 0x20, 0x20, 0x20, 0x20, 0x20, 0x20, 0x63, 0x6f, 0x6e, 
	0x73, 0x74, 0x20, 0x62, 0x74, 0x6e, 0x53, 0x74, 0x6f, 0x70, 
	0x20, 0x20, 0x20, 0x20, 0x20, 0x20, 0x3d, 0x20, 0x64, 0x6f, 
	0x63, 0x75, 0x6d, 0x65, 0x6e, 0x74, 0x2e, 0x67, 0x65, 0x74, 
	0x45, 0x6c, 0x65, 0x6d, 0x65, 0x6e, 0x74, 0x42, 0x79, 0x49, 
	0x64, 0x28, 0x22, 0x73, 0x74, 0x6f, 0x70, 0x2d, 0x62, 0x75, 
	0x74, 0x74, 0x6f, 0x6e, 0x22, 0x29, 0x3b, 0xa, 0x20, 0x20, 
	0x20, 0x20, 0x20, 0x20, 0x20, 0x20, 0x2f, 0x2a, 0x20, 0x2d, 
	0x2d, 0x2d, 0x2d, 0x2d, 0x2d, 0x2d, 0x2d, 0x2d, 0x2d, 0x2d, 
	0x2d, 0x2d, 0x2d, 0x2d, 0x2d, 0x2d, 0x2d, 0x2d, 0x2d, 0x2d, 
	0x2d, 0x2d, 0x2d, 0x2d, 0x2d, 0x2d, 0x2d, 0x2d, 0x2d, 0x2d, 
	0x2d, 0x2d, 0x2d, 0x2d, 0x20, 0x2a, 0x2f, 0xa, 0x20, 0x20, 
	0x20, 0x20, 0xa, 0x20, 0x20, 0x20, 0x20, 0x20, 0x20, 0x20, 
	0x20, 0x2f, 0x2a, 0x20, 0x2d, 0x2d, 0x2d, 0x2d, 0x2d, 0x2d, 
	0x2d, 0x2d, 0x20, 0x73, 0x6e, 0x69, 0x66, 0x66, 0x65, 0x72, 
	0x2d, 0x73, 0x74, 0x61, 0x74, 0x65, 0x20, 0x70, 0x6f, 0x6c, 
	0x6c, 0x69, 0x6e, 0x67, 0x20, 0x2d, 0x2d, 0x2d, 0x2d, 0x2d, 
	0x2d, 0x2d, 0x2d, 0x20, 0x2a, 0x2f, 0xa, 0x20, 0x20, 0x20, 
	0x20, 0x20, 0x20, 0x20, 0x20, 0x61, 0x73, 0x79, 0x6e, 0x63, 
	0x20, 0x66, 0x75, 0x6e, 0x63, 0x74, 0x69, 0x6f, 0x6e, 0x20, 
	0x70, 0x6f, 0x6c, 0x6c, 0x53, 0x6e, 0x69, 0x66, 0x66, 0x65, 
	0x72, 0x53, 0x74, 0x61, 0x74, 0x65, 0x20, 0x28, 0x29, 0x20, 
	0x7b, 0xa, 0x20, 0x20, 0x20, 0x20, 0x20, 0x20, 0x20, 0x20, 
	0x20, 0x20, 0x20, 0x20, 0x74, 0x72, 0x79, 0x20, 0x7b, 0xa, 
	0x20, 0x20, 0x20, 0x20, 0x20, 0x20, 0x20, 0x20, 0x20, 0x20, 
	0x20, 0x20, 0x20, 0x20, 0x20, 0x20, 0x63, 0x6f, 0x6e, 0x73, 
	0x74, 0x20, 0x72, 0x65, 0x73, 0x70, 0x20, 0x3d, 0x20, 0x61, 
	0x77, 0x61, 0x69, 0x74, 0x20, 0x66, 0x65, 0x74, 0x63, 0x68, 
	0x28, 0x53, 0x54, 0x41, 0x54, 0x55, 0x53, 0x5f, 0x55, 0x52, 
	0x4c, 0x2c, 0x20, 0x7b, 0x63, 0x61, 0x63, 0x68, 0x65, 0x3a, 
	0x20, 0x22, 0x6e, 0x6f, 0x2d, 0x73, 0x74, 0x6f, 0x72, 0x65, 
	0x22, 0x7d, 0x29, 0x3b, 0xa, 0x20, 0x20, 0x20, 0x20, 0x20, 
	0x20, 0x20, 0x20, 0x20, 0x20, 0x20, 0x20, 0x20, 0x20, 0x20, 
	0x20, 0x69, 0x66, 0x20, 0x28, 0x21, 0x72, 0x65, 0x73, 0x70, 
	0x2e, 0x6f, 0x6b, 0x29, 0x20, 0x74, 0x68, 0x72, 0x6f, 0x77, 
	0x20, 0x6e, 0x65, 0x77, 0x20, 0x45, 0x72, 0x72, 0x6f, 0x72, 
	0x28, 0x60, 0x48, 0x54, 0x54, 0x50, 0x20, 0x24, 0x7b, 0x72, 
	0x65, 0x73, 0x70, 0x2e, 0x73, 0x74, 0x61, 0x74, 0x75, 0x73, 
	0x7d, 0x60, 0x29, 0x3b, 0xa, 0x20, 0x20, 0x20, 0x20, 0x20, 
	0x20, 0x20, 0x20, 0x20, 0x20, 0x20, 0x20, 0x20, 0x20, 0x20, 
	0x20, 0x63, 0x6f, 0x6e, 0x73, 0x74, 0x20, 0x7b, 0x61, 0x63, 
	0x74, 0x69, 0x76, 0x65, 0x7d, 0x20, 0x3d, 0x20, 0x61, 0x77, 
	0x61, 0x69, 0x74, 0x20, 0x72, 0x65, 0x73, 0x70, 0x2e, 0x6a, 
	0x73, 0x6f, 0x6e, 0x28, 0x29, 0x3b, 0x20, 0x20, 0x20, 0x2f, 
	0x2f, 0x20, 0x7b, 0x61, 0x63, 0x74, 0x69, 0x76, 0x65, 0x3a, 
	0x20, 0x74, 0x72, 0x75, 0x65, 0x7c, 0x66, 0x61, 0x6c, 0x73, 
	0x65, 0x7d, 0xa, 0x20, 0x20, 0x20, 0x20, 0xa, 0x20, 0x20, 
	0x20, 0x20, 0x20, 0x20, 0x20, 0x20, 0x20, 0x20, 0x20, 0x20, 
	0x20, 0x20, 0x20, 0x20, 0x69, 0x66, 0x20, 0x28, 0x61, 0x63, 
	0x74, 0x69, 0x76, 0x65, 0x29, 0x20, 0x7b, 0xa, 0x20, 0x20, 
	0x20, 0x20, 0x20, 0x20, 0x20, 0x20, 0x20, 0x20, 0x20, 0x20, 
	0x20, 0x20, 0x20, 0x20, 0x20, 0x20, 0x20, 0x20, 0x62, 0x74, 
	0x6e, 0x41, 0x70, 0x70, 0x6c, 0x79, 0x2e, 0x64, 0x69, 0x73, 
	0x61, 0x62, 0x6c, 0x65, 0x64, 0x20, 0x3d, 0x20, 0x74, 0x72, 
	0x75, 0x65, 0x3b, 0xa, 0x20, 0x20, 0x20, 0x20, 0x20, 0x20, 
	0x20, 0x20, 0x20, 0x20, 0x20, 0x20, 0x20, 0x20, 0x20, 0x20, 
	0x20, 0x20, 0x20, 0x20, 0x62, 0x74, 0x6e, 0x41, 0x70, 0x70, 
	0x6c, 0x79, 0x2e, 0x74, 0x69, 0x74, 0x6c, 0x65, 0x20, 0x20, 
	0x20, 0x20, 0x3d, 0x20, 0x22, 0x53, 0x74, 0x6f, 0x70, 0x20, 
	0x74, 0x68, 0x65, 0x20, 0x73, 0x6e, 0x69, 0x66, 0x66, 0x65, 
	0x72, 0x20, 0x66, 0x69, 0x72, 0x73, 0x74, 0x2e, 0x22, 0x3b, 
	0xa, 0x20, 0x20, 0x20, 0x20, 0x20, 0x20, 0x20, 0x20, 0x20, 
	0x20, 0x20, 0x20, 0x20, 0x20, 0x20, 0x20, 0x20, 0x20, 0x20, 
	0x20, 0x62, 0x74, 0x6e, 0x53, 0x74, 0x61, 0x72, 0x74, 0x2e, 
	0x64, 0x69, 0x73, 0x61, 0x62, 0x6c, 0x65, 0x64, 0x20, 0x3d, 
	0x20, 0x74, 0x72, 0x75, 0x65, 0x3b, 0xa, 0x20, 0x20, 0x20, 
	0x20, 0x20, 0x20, 0x20, 0x20, 0x20, 0x20, 0x20, 0x20, 0x20, 
	0x20, 0x20, 0x20, 0x20, 0x20, 0x20, 0x20, 0x62, 0x74, 0x6e, 
	0x53, 0x74, 0x61, 0x72, 0x74, 0x2e, 0x74, 0x69, 0x74, 0x6c, 
	0x65, 0x20, 0x20, 0x20, 0x20, 0x3d, 0x20, 0x22, 0x53, 0x74, 
	0x6f, 0x70, 0x20, 0x74, 0x68, 0x65, 0x20, 0x73, 0x6e, 0x69, 
	0x66, 0x66, 0x65, 0x72, 0x20, 0x66, 0x69, 0x72, 0x73, 0x74, 
	0x2e, 0x22, 0x3b, 0xa, 0x20, 0x20, 0x20, 0x20, 0x20, 0x20, 
	0x20, 0x20, 0x20, 0x20, 0x20, 0x20, 0x20, 0x20, 0x20, 0x20, 
	0x20, 0x20, 0x20, 0x20, 0x62, 0x74, 0x6e, 0x53, 0x74, 0x6f, 
	0x70, 0x2e, 0x64, 0x69, 0x73, 0x61, 0x62, 0x6c, 0x65, 0x64, 
	0x20, 0x3d, 0x20, 0x66, 0x61, 0x6c, 0x73, 0x65, 0x3b, 0xa, 
	0x20, 0x20, 0x20, 0x20, 0x20, 0x20, 0x20, 0x20, 0x20, 0x20, 
	0x20, 0x20, 0x20, 0x20, 0x20, 0x20, 0x20, 0x20, 0x20, 0x20, 
	0x62, 0x74, 0x6e, 0x53, 0x74, 0x6f, 0x70, 0x2e, 0x74, 0x69, 
	0x74, 0x6c, 0x65, 0x20, 0x20, 0x20, 0x20, 0x3d, 0x20, 0x22, 
	0x22, 0x3b, 0xa, 0x20, 0x20, 0x20, 0x20, 0x20, 0x20, 0x20, 
	0x20, 0x20, 0x20, 0x20, 0x20, 0x20, 0x20, 0x20, 0x20, 0x7d, 
	0x20, 0x65, 0x6c, 0x73, 0x65, 0x20, 0x7b, 0xa, 0x20, 0x20, 
	0x20, 0x20, 0x20, 0x20, 0x20, 0x20, 0x20, 0x20, 0x20, 0x20, 
	0x20, 0x20, 0x20, 0x20, 0x20, 0x20, 0x20, 0x20, 0x62, 0x74, 
	0x6e, 0x41, 0x70, 0x70, 0x6c, 0x79, 0x2e, 0x64, 0x69, 0x73, 
	0x61, 0x62, 0x6c, 0x65, 0x64, 0x20, 0x3d, 0x20, 0x66, 0x61, 
	0x6c, 0x73, 0x65, 0x3b, 0xa, 0x20, 0x20, 0x20, 0x20, 0x20, 
	0x20, 0x20, 0x20, 0x20, 0x20, 0x20, 0x20, 0x20, 0x20, 0x20, 
	0x20, 0x20, 0x20, 0x20, 0x20, 0x62, 0x74, 0x6e, 0x41, 0x70, 
	0x70, 0x6c, 0x79, 0x2e, 0x74, 0x69, 0x74, 0x6c, 0x65, 0x20, 
	0x20, 0x20, 0x20, 0x3d, 0x20, 0x22, 0x22, 0x3b, 0xa, 0x20, 
	0x20, 0x20, 0x20, 0x20, 0x20, 0x20, 0x20, 0x20, 0x20, 0x20, 
	0x20, 0x20, 0x20, 0x20, 0x20, 0x20, 0x20, 0x20, 0x20, 0x62, 
	0x74, 0x6e, 0x53, 0x74, 0x61, 0x72, 0x74, 0x2e, 0x64, 0x69, 
	0x73, 0x61, 0x62, 0x6c, 0x65, 0x64, 0x20, 0x3d, 0x20, 0x66, 
	0x61, 0x6c, 0x73, 0x65, 0x3b, 0xa, 0x20, 0x20, 0x20, 0x20, 
	0x20, 0x20, 0x20, 0x20, 0x20, 0x20, 0x20, 0x20, 0x20, 0x20, 
	0x20, 0x20, 0x20, 0x20, 0x20, 0x20, 0x62, 0x74, 0x6e, 0x53, 
	0x74, 0x61, 0x72, 0x74, 0x2e, 0x74, 0x69, 0x74, 0x6c, 0x65, 
	0x20, 0x20, 0x20, 0x20, 0x3d, 0x20, 0x22, 0x22, 0x3b, 0xa, 
	0x20, 0x20, 0x20, 0x20, 0x20, 0x20, 0x20, 0x20, 0x20, 0x20, 
	0x20, 0x20, 0x20, 0x20, 0x20, 0x20, 0x20, 0x20, 0x20, 0x20, 
	0x62, 0x74, 0x6e, 0x53, 0x74, 0x6f, 0x70, 0x2e, 0x64, 0x69, 
	0x73, 0x61, 0x62, 0x6c, 0x65, 0x64, 0x20, 0x3d, 0x20, 0x74, 
	0x72, 0x75, 0x65, 0x3b, 0xa, 0x20, 0x20, 0x20, 0x20, 0x20, 
	0x20, 0x20, 0x20, 0x20, 0x20, 0x20, 0x20, 0x20, 0x20, 0x20, 
	0x20, 0x20, 0x20, 0x20, 0x20, 0x62, 0x74, 0x6e, 0x53, 0x74, 
	0x6f, 0x70, 0x2e, 0x74, 0x69, 0x74, 0x6c, 0x65, 0x20, 0x20, 
	0x20, 0x20, 0x3d, 0x20, 0x22, 0x53, 0x74, 0x61, 0x72, 0x74, 
	0x20, 0x74, 0x68, 0x65, 0x20, 0x73, 0x6e, 0x69, 0x66, 0x66, 
	0x65, 0x72, 0x20, 0x66, 0x69, 0x72, 0x73, 0x74, 0x2e, 0x22, 
	0x3b, 0xa, 0x20, 0x20, 0x20, 0x20, 0x20, 0x20, 0x20, 0x20, 
	0x20, 0x20, 0x20, 0x20, 0x20, 0x20, 0x20, 0x20, 0x7d, 0xa, 
	0x20, 0x20, 0x20, 0x20, 0x20, 0x20, 0x20, 0x20, 0x20, 0x20, 
	0x20, 0x20, 0x7d, 0x20, 0x63, 0x61, 0x74, 0x63, 0x68, 0x20, 
	0x28, 0x65, 0x29, 0x20, 0x7b, 0xa, 0x20, 0x20, 0x20, 0x20, 
	0x20, 0x20, 0x20, 0x20, 0x20, 0x20, 0x20, 0x20, 0x20, 0x20, 
	0x20, 0x20, 0x63, 0x6f, 0x6e, 0x73, 0x6f, 0x6c, 0x65, 0x2e, 
	0x65, 0x72, 0x72, 0x6f, 0x72, 0x28, 0x22, 0x53, 0x74, 0x61, 
	0x74, 0x75, 0x73, 0x20, 0x70, 0x6f, 0x6c, 0x6c, 0x20, 0x66, 
	0x61, 0x69, 0x6c, 0x65, 0x64, 0x3a, 0x22, 0x2c, 0x20, 0x65, 
	0x29, 0x3b, 0xa, 0x20, 0x20, 0x20, 0x20, 0x20, 0x20, 0x20, 
	0x20, 0x20, 0x20, 0x20, 0x20, 0x20, 0x20, 0x20, 0x20, 0x62, 
	0x74, 0x6e, 0x41, 0x70, 0x70, 0x6c, 0x79, 0x2e, 0x64, 0x69, 
	0x73, 0x61, 0x62, 0x6c, 0x65, 0x64, 0x20, 0x3d, 0x20, 0x74, 
	0x72, 0x75, 0x65, 0x3b, 0xa, 0x20, 0x20, 0x20, 0x20, 0x20, 
	0x20, 0x20, 0x20, 0x20, 0x20, 0x20, 0x20, 0x20, 0x20, 0x20, 
	0x20, 0x62, 0x74, 0x6e, 0x41, 0x70, 0x70, 0x6c, 0x79, 0x2e, 
	0x74, 0x69, 0x74, 0x6c, 0x65, 0x20, 0x20, 0x20, 0x20, 0x3d, 
	0x20, 0x22, 0x53, 0x6e, 0x69, 0x66, 0x66, 0x65, 0x72, 0x20, 
	0x73, 0x74, 0x61, 0x74, 0x75, 0x73, 0x20, 0x75, 0x6e, 0x6b, 
	0x6e, 0x6f, 0x77, 0x6e, 0x2e, 0x22, 0x3b, 0xa, 0x20, 0x20, 
	0x20, 0x20, 0x20, 0x20, 0x20, 0x20, 0x20, 0x20, 0x20, 0x20, 
	0x7d, 0xa, 0x20, 0x20, 0x20, 0x20, 0x20, 0x20, 0x20, 0x20, 
	0x7d, 0xa, 0x20, 0x20, 0x20, 0x20, 0x20, 0x20, 0x20, 0x20, 
	0x70, 0x6f, 0x6c, 0x6c, 0x53, 0x6e, 0x69, 0x66, 0x66, 0x65, 
	0x72, 0x53, 0x74, 0x61, 0x74, 0x65, 0x28, 0x29, 0x3b, 0xa, 
	0x20, 0x20, 0x20, 0x20, 0x20, 0x20, 0x20, 0x20, 0x73, 0x65, 
	0x74, 0x49, 0x6e, 0x74, 0x65, 0x72, 0x76, 0x61, 0x6c, 0x28, 
	0x70, 0x6f, 0x6c, 0x6c, 0x53, 0x6e, 0x69, 0x66, 0x66, 0x65, 
	0x72, 0x53, 0x74, 0x61, 0x74, 0x65, 0x2c, 0x20, 0x50, 0x4f, 
	0x4c, 0x4c, 0x5f, 0x4d, 0x53, 0x29, 0x3b, 0xa, 0x20, 0x20, 
	0x20, 0x20, 0x20, 0x20, 0x20, 0x20, 0x2f, 0x2a, 0x20, 0x2d, 
	0x2d, 0x2d, 0x2d, 0x2d, 0x2d, 0x2d, 0x2d, 0x2d, 0x2d, 0x2d, 
	0x2d, 0x2d, 0x2d, 0x2d, 0x2d, 0x2d, 0x2d, 0x2d, 0x2d, 0x2d, 
	0x2d, 0x2d, 0x2d, 0x2d, 0x2d, 0x2d, 0x2d, 0x2d, 0x2d, 0x2d, 
	0x2d, 0x2d, 0x2d, 0x2d, 0x2d, 0x2d, 0x2d, 0x2d, 0x20, 0x2a, 
	0x2f, 0xa, 0x20, 0x20, 0x20, 0x20, 0xa, 0x20, 0x20, 0x20, 
	0x20, 0x20, 0x20, 0x20, 0x20, 0x2f, 0x2a, 0x20, 0x2d, 0x2d, 
	0x2d, 0x2d, 0x2d, 0x2d, 0x2d, 0x2d, 0x20, 0x66, 0x6f, 0x72, 
	0x6d, 0x20, 0x68, 0x65, 0x6c, 0x70, 0x65, 0x72, 0x73, 0x20, 
	0x20, 0x2d, 0x2d, 0x2d, 0x2d, 0x2d, 0x2d, 0x2d, 0x2d, 0x2d, 
	0x2d, 0x2d, 0x2d, 0x2d, 0x2d, 0x2d, 0x2d, 0x20, 0x2a, 0x2f, 
	0xa, 0x20, 0x20, 0x20, 0x20, 0x20, 0x20, 0x20, 0x20, 0x63, 
	0x6f, 0x6e, 0x73, 0x74, 0x20, 0x73, 0x65, 0x6c, 0x42, 0x61, 
	0x75, 0x64, 0x31, 0x20, 0x3d, 0x20, 0x64, 0x6f, 0x63, 0x75, 
	0x6d, 0x65, 0x6e, 0x74, 0x2e, 0x67, 0x65, 0x74, 0x45, 0x6c, 
	0x65, 0x6d, 0x65, 0x6e, 0x74, 0x42, 0x79, 0x49, 0x64, 0x28, 
	0x22, 0x62, 0x61, 0x75, 0x64, 0x72, 0x61, 0x74, 0x65, 0x31, 
	0x2d, 0x73, 0x65, 0x6c, 0x65, 0x63, 0x74, 0x22, 0x29, 0x3b, 
	0xa, 0x20, 0x20, 0x20, 0x20, 0x20, 0x20, 0x20, 0x20, 0x63, 
	0x6f, 0x6e, 0x73, 0x74, 0x20, 0x73, 0x65, 0x6c, 0x4d, 0x6f, 
	0x64, 0x65, 0x31, 0x20, 0x3d, 0x20, 0x64, 0x6f, 0x63, 0x75, 
	0x6d, 0x65, 0x6e, 0x74, 0x2e, 0x67, 0x65, 0x74, 0x45, 0x6c, 
	0x65, 0x6d, 0x65, 0x6e, 0x74, 0x42, 0x79, 0x49, 0x64, 0x28, 
	0x22, 0x6d, 0x6f, 0x64, 0x65, 0x31, 0x2d, 0x73, 0x65, 0x6c, 
	0x65, 0x63, 0x74, 0x22, 0x29, 0x3b, 0xa, 0x20, 0x20, 0x20, 
	0x20, 0x20, 0x20, 0x20, 0x20, 0x63, 0x6f, 0x6e, 0x73, 0x74, 
	0x20, 0x73, 0x65, 0x6c, 0x42, 0x61, 0x75, 0x64, 0x32, 0x20, 
	0x3d, 0x20, 0x64, 0x6f, 0x63, 0x75, 0x6d, 0x65, 0x6e, 0x74, 
	0x2e, 0x67, 0x65, 0x74, 0x45, 0x6c, 0x65, 0x6d, 0x65, 0x6e, 
	0x74, 0x42, 0x79, 0x49, 0x64, 0x28, 0x22, 0x62, 0x61, 0x75, 
	0x64, 0x72, 0x61, 0x74, 0x65, 0x32, 0x2d, 0x73, 0x65, 0x6c, 
	0x65, 0x63, 0x74, 0x22, 0x29, 0x3b, 0xa, 0x20, 0x20, 0x20, 
	0x20, 0x20, 0x20, 0x20, 0x20, 0x63, 0x6f, 0x6e, 0x73, 0x74, 
	0x20, 0x73, 0x65, 0x6c, 0x4d, 0x6f, 0x64, 0x65, 0x32, 0x20, 
	0x3d, 0x20, 0x64, 0x6f, 0x63, 0x75, 0x6d, 0x65, 0x6e, 0x74, 
	0x2e, 0x67, 0x65, 0x74, 0x45, 0x6c, 0x65, 0x6d, 0x65, 0x6e, 
	0x74, 0x42, 0x79, 0x49, 0x64, 0x28, 0x22, 0x6d, 0x6f, 0x64, 
	0x65, 0x32, 0x2d, 0x73, 0x65, 0x6c, 0x65, 0x63, 0x74, 0x22, 
	0x29, 0x3b, 0xa, 0x20, 0x20, 0x20, 0x20, 0xa, 0x20, 0x20, 
	0x20, 0x20, 0x20, 0x20, 0x20, 0x20, 0x66, 0x75, 0x6e, 0x63, 
	0x74, 0x69, 0x6f, 0x6e, 0x20, 0x75, 0x70, 0x64, 0x61, 0x74, 
	0x65, 0x48, 0x69, 0x64, 0x64, 0x65, 0x6e, 0x46, 0x69, 0x65, 
	0x6c, 0x64, 0x73, 0x28, 0x29, 0x20, 0x7b, 0xa, 0x20, 0x20, 
	0x20, 0x20, 0x20, 0x20, 0x20, 0x20, 0x20, 0x20, 0x20, 0x20, 
	0x63, 0x6f, 0x6e, 0x73, 0x74, 0x20, 0x62, 0x61, 0x75, 0x64, 
	0x31, 0x20, 0x3d, 0x20, 0x73, 0x65, 0x6c, 0x42, 0x61, 0x75, 
	0x64, 0x31, 0x2e, 0x76, 0x61, 0x6c, 0x75, 0x65, 0x3b, 0xa, 
	0x20, 0x20, 0x20, 0x20, 0x20, 0x20, 0x20, 0x20, 0x20, 0x20, 
	0x20, 0x20, 0x63, 0x6f, 0x6e, 0x73, 0x74, 0x20, 0x6d, 0x6f, 
	0x64, 0x65, 0x31, 0x20, 0x3d, 0x20, 0x73, 0x65, 0x6c, 0x4d, 
	0x6f, 0x64, 0x65, 0x31, 0x2e, 0x76, 0x61, 0x6c, 0x75, 0x65, 
	0x3b, 0xa, 0x20, 0x20, 0x20, 0x20, 0x20, 0x20, 0x20, 0x20, 
	0x20, 0x20, 0x20, 0x20, 0x63, 0x6f, 0x6e, 0x73, 0x74, 0x20, 
	0x62, 0x61, 0x75, 0x64, 0x32, 0x20, 0x3d, 0x20, 0x73, 0x65, 
	0x6c, 0x42, 0x61, 0x75, 0x64, 0x32, 0x2e, 0x76, 0x61, 0x6c, 
	0x75, 0x65, 0x3b, 0xa, 0x20, 0x20, 0x20, 0x20, 0x20, 0x20, 
	0x20, 0x20, 0x20, 0x20, 0x20, 0x20, 0x63, 0x6f, 0x6e, 0x73, 
	0x74, 0x20, 0x6d, 0x6f, 0x64, 0x65, 0x32, 0x20, 0x3d, 0x20, 
	0x73, 0x65, 0x6c, 0x4d, 0x6f, 0x64, 0x65, 0x32, 0x2e, 0x76, 
	0x61, 0x6c, 0x75, 0x65, 0x3b, 0xa, 0x20, 0x20, 0x20, 0x20, 
	0x20, 0x20, 0x20, 0x20, 0x20, 0x20, 0x20, 0x20, 0x5b, 0x20, 
	0x2e, 0x2e, 0x2e, 0x64, 0x6f, 0x63, 0x75, 0x6d, 0x65, 0x6e, 
	0x74, 0x2e, 0x71, 0x75, 0x65, 0x72, 0x79, 0x53, 0x65, 0x6c, 
	0x65, 0x63, 0x74, 0x6f, 0x72, 0x41, 0x6c, 0x6c, 0x28, 0x22, 
	0x23, 0x61, 0x70, 0x70, 0x6c, 0x79, 0x2d, 0x62, 0x61, 0x75, 
	0x64, 0x72, 0x61, 0x74, 0x65, 0x31, 0x2c, 0x23, 0x73, 0x61, 
	0x76, 0x65, 0x2d, 0x62, 0x61, 0x75, 0x64, 0x72, 0x61, 0x74, 
	0x65, 0x31, 0x22, 0x29, 0x20, 0x5d, 0xa, 0x20, 0x20, 0x20, 
	0x20, 0x20, 0x20, 0x20, 0x20, 0x20, 0x20, 0x20, 0x20, 0x20, 
	0x20, 0x20, 0x20, 0x2e, 0x66, 0x6f, 0x72, 0x45, 0x61, 0x63, 
	0x68, 0x28, 0x69, 0x20, 0x3d, 0x3e, 0x20, 0x69, 0x2e, 0x76, 
	0x61, 0x6c, 0x75, 0x65, 0x20, 0x3d, 0x20, 0x62, 0x61, 0x75, 
	0x64, 0x31, 0x29, 0x3b, 0xa, 0x20, 0x20, 0x20, 0x20, 0x20, 
	0x20, 0x20, 0x20, 0x20, 0x20, 0x20, 0x20, 0x5b, 0x20, 0x2e, 
	0x2e, 0x2e, 0x64, 0x6f, 0x63, 0x75, 0x6d, 0x65, 0x6e, 0x74, 
	0x2e, 0x71, 0x75, 0x65, 0x72, 0x79, 0x53, 0x65, 0x6c, 0x65, 
	0x63, 0x74, 0x6f, 0x72, 0x41, 0x6c, 0x6c, 0x28, 0x22, 0x23, 
	0x61, 0x70, 0x70, 0x6c, 0x79, 0x2d, 0x6d, 0x6f, 0x64, 0x65, 
	0x31, 0x2c, 0x23, 0x73, 0x61, 0x76, 0x65, 0x2d, 0x6d, 0x6f, 
	0x64, 0x65, 0x31, 0x22, 0x29, 0x20, 0x5d, 0xa, 0x20, 0x20, 
	0x20, 0x20, 0x20, 0x20, 0x20, 0x20, 0x20, 0x20, 0x20, 0x20, 
	0x20, 0x20, 0x20, 0x20, 0x2e, 0x66, 0x6f, 0x72, 0x45, 0x61, 
	0x63, 0x68, 0x28, 0x69, 0x20, 0x3d, 0x3e, 0x20, 0x69, 0x2e, 
	0x76, 0x61, 0x6c, 0x75, 0x65, 0x20, 0x3d, 0x20, 0x6d, 0x6f, 
	0x64, 0x65, 0x31, 0x29, 0x3b, 0xa, 0x20, 0x20, 0x20, 0x20, 
	0x20, 0x20, 0x20, 0x20, 0x20, 0x20, 0x20, 0x20, 0x20, 0x20, 
	0x20, 0x20, 0x5b, 0x20, 0x2e, 0x2e, 0x2e, 0x64, 0x6f, 0x63, 
	0x75, 0x6d, 0x65, 0x6e, 0x74, 0x2e, 0x71, 0x75, 0x65, 0x72, 
	0x79, 0x53, 0x65, 0x6c, 0x65, 0x63, 0x74, 0x6f, 0x72, 0x41, 
	0x6c, 0x6c, 0x28, 0x22, 0x23, 0x61, 0x70, 0x70, 0x6c, 0x79, 
	0x2d, 0x62, 0x61, 0x75, 0x64, 0x72, 0x61, 0x74, 0x65, 0x32, 
	0x2c, 0x23, 0x73, 0x61, 0x76, 0x65, 0x2d, 0x62, 0x61, 0x75, 
	0x64, 0x72, 0x61, 0x74, 0x65, 0x32, 0x22, 0x29, 0x20, 0x5d, 
	0xa, 0x20, 0x20, 0x20, 0x20, 0x20, 0x20, 0x20, 0x20, 0x20, 
	0x20, 0x20, 0x20, 0x20, 0x20, 0x20, 0x20, 0x2e, 0x66, 0x6f, 
	0x72, 0x45, 0x61, 0x63, 0x68, 0x28, 0x69, 0x20, 0x3d, 0x3e, 
	0x20, 0x69, 0x2e, 0x76, 0x61, 0x6c, 0x75, 0x65, 0x20, 0x3d, 
	0x20, 0x62, 0x61, 0x75, 0x64, 0x32, 0x29, 0x3b, 0xa, 0x20, 
	0x20, 0x20, 0x20, 0x20, 0x20, 0x20, 0x20, 0x20, 0x20, 0x20, 
	0x20, 0x5b, 0x20, 0x2e, 0x2e, 0x2e, 0x64, 0x6f, 0x63, 0x75, 
	0x6d, 0x65, 0x6e, 0x74, 0x2e, 0x71, 0x75, 0x65, 0x72, 0x79, 
	0x53, 0x65, 0x6c, 0x65, 0x63, 0x74, 0x6f, 0x72, 0x41, 0x6c, 
	0x6c, 0x28, 0x22, 0x23, 0x61, 0x70, 0x70, 0x6c, 0x79, 0x2d, 
	0x6d, 0x6f, 0x64, 0x65, 0x32, 0x2c, 0x23, 0x73, 0x61, 0x76, 
	0x65, 0x2d, 0x6d, 0x6f, 0x64, 0x65, 0x32, 0x22, 0x29, 0x20, 
	0x5d, 0xa, 0x20, 0x20, 0x20, 0x20, 0x20, 0x20, 0x20, 0x20, 
	0x20, 0x20, 0x20, 0x20, 0x20, 0x20, 0x20, 0x20, 0x2e, 0x66, 
	0x6f, 0x72, 0x45, 0x61, 0x63, 0x68, 0x28, 0x69, 0x20, 0x3d, 
	0x3e, 0x20, 0x69, 0x2e, 0x76, 0x61, 0x6c, 0x75, 0x65, 0x20, 
	0x3d, 0x20, 0x6d, 0x6f, 0x64, 0x65, 0x32, 0x29, 0x3b, 0xa, 
	0x20, 0x20, 0x20, 0x20, 0x20, 0x20, 0x20, 0x20, 0x7d, 0xa, 
	0x20, 0x20, 0x20, 0x20, 0xa, 0x20, 0x20, 0x20, 0x20, 0x20, 
	0x20, 0x20, 0x20, 0x64, 0x6f, 0x63, 0x75, 0x6d, 0x65, 0x6e, 
	0x74, 0x2e, 0x67, 0x65, 0x74, 0x45, 0x6c, 0x65, 0x6d, 0x65, 
	0x6e, 0x74, 0x42, 0x79, 0x49, 0x64, 0x28, 0x22, 0x61, 0x70, 
	0x70, 0x6c, 0x79, 0x2d, 0x66, 0x6f, 0x72, 0x6d, 0x22, 0x29, 
	0xa, 0x20, 0x20, 0x20, 0x20, 0x20, 0x20, 0x20, 0x20, 0x20, 
	0x20, 0x20, 0x20, 0x20, 0x20, 0x20, 0x20, 0x2e, 0x61, 0x64, 
	0x64, 0x45, 0x76, 0x65, 0x6e, 0x74, 0x4c, 0x69, 0x73, 0x74, 
	0x65, 0x6e, 0x65, 0x72, 0x28, 0x22, 0x73, 0x75, 0x62, 0x6d, 
	0x69, 0x74, 0x22, 0x2c, 0x20, 0x75, 0x70, 0x64, 0x61, 0x74, 
	0x65, 0x48, 0x69, 0x64, 0x64, 0x65, 0x6e, 0x46, 0x69, 0x65, 
	0x6c, 0x64, 0x73, 0x29, 0x3b, 0xa, 0x20, 0x20, 0x20, 0x20, 
	0xa, 0x20, 0x20, 0x20, 0x20, 0x20, 0x20, 0x20, 0x20, 0x64, 
	0x6f, 0x63, 0x75, 0x6d, 0x65, 0x6e, 0x74, 0x2e, 0x67, 0x65, 
	0x74, 0x45, 0x6c, 0x65, 0x6d, 0x65, 0x6e, 0x74, 0x42, 0x79, 
	0x49, 0x64, 0x28, 0x22, 0x73, 0x61, 0x76, 0x65, 0x2d, 0x66, 
	0x6f, 0x72, 0x6d, 0x22, 0x29, 0xa, 0x20, 0x20, 0x20, 0x20, 
	0x20, 0x20, 0x20, 0x20, 0x20, 0x20, 0x20, 0x20, 0x20, 0x20, 
	0x20, 0x20, 0x2e, 0x61, 0x64, 0x64, 0x45, 0x76, 0x65, 0x6e, 
	0x74, 0x4c, 0x69, 0x73, 0x74, 0x65, 0x6e, 0x65, 0x72, 0x28, 
	0x22, 0x73, 0x75, 0x62, 0x6d, 0x69, 0x74, 0x22, 0x2c, 0x20, 
	0x75, 0x70, 0x64, 0x61, 0x74, 0x65, 0x48, 0x69, 0x64, 0x64, 
	0x65, 0x6e, 0x46, 0x69, 0x65, 0x6c, 0x64, 0x73, 0x29, 0x3b, 
	0xa, 0xa, 0x20, 0x20, 0x20, 0x20, 0x20, 0x20, 0x20, 0x20, 
	0x64, 0x6f, 0x63, 0x75, 0x6d, 0x65, 0x6e, 0x74, 0x2e, 0x67, 
	0x65, 0x74, 0x45, 0x6c, 0x65, 0x6d, 0x65, 0x6e, 0x74, 0x42, 
	0x79, 0x49, 0x64, 0x28, 0x22, 0x63, 0x74, 0x72, 0x6c, 0x2d, 
	0x66, 0x6f, 0x72, 0x6d, 0x22, 0x29, 0xa, 0x20, 0x20, 0x20, 
	0x20, 0x20, 0x20, 0x20, 0x20, 0x20, 0x20, 0x20, 0x20, 0x2e, 
	0x61, 0x64, 0x64, 0x45, 0x76, 0x65, 0x6e, 0x74, 0x4c, 0x69, 
	0x73, 0x74, 0x65, 0x6e, 0x65, 0x72, 0x28, 0x22, 0x73, 0x75, 
	0x62, 0x6d, 0x69, 0x74, 0x22, 0x2c, 0x20, 0x61, 0x73, 0x79, 
	0x6e, 0x63, 0x20, 0x28, 0x65, 0x29, 0x20, 0x3d, 0x3e, 0x20, 
	0x7b, 0xa, 0x20, 0x20, 0x20, 0x20, 0x20, 0x20, 0x20, 0x20, 
	0x20, 0x20, 0x20, 0x20, 0x2f, 0x2f, 0x20, 0x6c, 0x65, 0x74, 
	0x20, 0x74, 0x68, 0x65, 0x20, 0x62, 0x72, 0x6f, 0x77, 0x73, 
	0x65, 0x72, 0x20, 0x73, 0x75, 0x62, 0x6d, 0x69, 0x74, 0x20, 
	0x61, 0x73, 0x20, 0x6e, 0x6f, 0x72, 0x6d, 0x61, 0x6c, 0x2c, 
	0x20, 0x74, 0x68, 0x65, 0x6e, 0xe2, 0x80, 0xa6, 0xa, 0x20, 
	0x20, 0x20, 0x20, 0x20, 0x20, 0x20, 0x20, 0x20, 0x20, 0x20, 
	0x20, 0x73, 0x65, 0x74, 0x54, 0x69, 0x6d, 0x65, 0x6f, 0x75, 
	0x74, 0x28, 0x70, 0x6f, 0x6c, 0x6c, 0x53, 0x6e, 0x69, 0x66, 
	0x66, 0x65, 0x72, 0x53, 0x74, 0x61, 0x74, 0x65, 0x2c, 0x20, 
	0x32, 0x30, 0x30, 0x29, 0x3b, 0x20, 0x20, 0x2f, 0x2f, 0x20, 
	0x72, 0x65, 0x66, 0x72, 0x65, 0x73, 0x68, 0x20, 0x71, 0x75, 
	0x69, 0x63, 0x6b, 0x6c, 0x79, 0xa, 0x20, 0x20, 0x20, 0x20, 
	0x20, 0x20, 0x20, 0x20, 0x7d, 0x29, 0x3b, 0xa, 0x20, 0x20, 
	0x20, 0x20, 0x7d, 0x29, 0x3b, 0xa, 0x20, 0x20, 0x20, 0x20, 
	0x3c, 0x2f, 0x73, 0x63, 0x72, 0x69, 0x70, 0x74, 0x3e, 0x20, 
	0x20, 0x20, 0x20, 0x20, 0x20, 0x20, 0x20, 0xa, 0x20, 0x20, 
	0x20, 0x20, 0xa, 0x3c, 0x2f, 0x62, 0x6f, 0x64, 0x79, 0x3e, 
	0xa, 0x3c, 0x2f, 0x68, 0x74, 0x6d, 0x6c, 0x3e, 0xa, };

static const unsigned char data_404_html[] = {
	/* /404.html */
	0x2f, 0x34, 0x30, 0x34, 0x2e, 0x68, 0x74, 0x6d, 0x6c, 0,
	0x48, 0x54, 0x54, 0x50, 0x2f, 0x31, 0x2e, 0x30, 0x20, 0x34, 
	0x30, 0x34, 0x20, 0x46, 0x69, 0x6c, 0x65, 0x20, 0x6e, 0x6f, 
	0x74, 0x20, 0x66, 0x6f, 0x75, 0x6e, 0x64, 0xd, 0xa, 0x53, 
	0x65, 0x72, 0x76, 0x65, 0x72, 0x3a, 0x20, 0x6c, 0x77, 0x49, 
	0x50, 0x2f, 0x70, 0x72, 0x65, 0x2d, 0x30, 0x2e, 0x36, 0x20, 
	0x28, 0x68, 0x74, 0x74, 0x70, 0x3a, 0x2f, 0x2f, 0x77, 0x77, 
	0x77, 0x2e, 0x73, 0x69, 0x63, 0x73, 0x2e, 0x73, 0x65, 0x2f, 
	0x7e, 0x61, 0x64, 0x61, 0x6d, 0x2f, 0x6c, 0x77, 0x69, 0x70, 
	0x2f, 0x29, 0xd, 0xa, 0x43, 0x6f, 0x6e, 0x74, 0x65, 0x6e, 
	0x74, 0x2d, 0x74, 0x79, 0x70, 0x65, 0x3a, 0x20, 0x74, 0x65, 
	0x78, 0x74, 0x2f, 0x68, 0x74, 0x6d, 0x6c, 0xd, 0xa, 0xd, 
	0xa, 0x3c, 0x21, 0x44, 0x4f, 0x43, 0x54, 0x59, 0x50, 0x45, 
	0x20, 0x68, 0x74, 0x6d, 0x6c, 0x20, 0x50, 0x55, 0x42, 0x4c, 
	0x49, 0x43, 0x20, 0x22, 0x2d, 0x2f, 0x2f, 0x57, 0x33, 0x43, 
	0x2f, 0x2f, 0x44, 0x54, 0x44, 0x20, 0x48, 0x54, 0x4d, 0x4c, 
	0x20, 0x34, 0x2e, 0x30, 0x31, 0x2f, 0x2f, 0x45, 0x4e, 0x22, 
	0x20, 0x22, 0x68, 0x74, 0x74, 0x70, 0x3a, 0x2f, 0x2f, 0x77, 
	0x77, 0x77, 0x2e, 0x77, 0x33, 0x2e, 0x6f, 0x72, 0x67, 0x2f, 
	0x54, 0x52, 0x2f, 0x68, 0x74, 0x6d, 0x6c, 0x34, 0x2f, 0x73, 
	0x74, 0x72, 0x69, 0x63, 0x74, 0x2e, 0x64, 0x74, 0x64, 0x22, 
	0x3e, 0xa, 0x3c, 0x68, 0x74, 0x6d, 0x6c, 0x3e, 0xa, 0x3c, 
	0x68, 0x65, 0x61, 0x64, 0x3e, 0xa, 0x20, 0x20, 0x20, 0x20, 
	0x3c, 0x74, 0x69, 0x74, 0x6c, 0x65, 0x3e, 0x53, 0x54, 0x4d, 
	0x33, 0x32, 0x48, 0x37, 0x20, 0x43, 0x41, 0x4e, 0x20, 0x73, 
	0x6e, 0x69, 0x66, 0x66, 0x65, 0x72, 0x3c, 0x2f, 0x74, 0x69, 
	0x74, 0x6c, 0x65, 0x3e, 0xa, 0xa, 0x20, 0x20, 0x20, 0x20, 
	0x3c, 0x6d, 0x65, 0x74, 0x61, 0x20, 0x68, 0x74, 0x74, 0x70, 
	0x2d, 0x65, 0x71, 0x75, 0x69, 0x76, 0x3d, 0x22, 0x43, 0x6f, 
	0x6e, 0x74, 0x65, 0x6e, 0x74, 0x2d, 0x54, 0x79, 0x70, 0x65, 
	0x22, 0x20, 0x63, 0x6f, 0x6e, 0x74, 0x65, 0x6e, 0x74, 0x3d, 
	0x22, 0x74, 0x65, 0x78, 0x74, 0x2f, 0x68, 0x74, 0x6d, 0x6c, 
	0x3b, 0x20, 0x63, 0x68, 0x61, 0x72, 0x73, 0x65, 0x74, 0x3d, 
	0x77, 0x69, 0x6e, 0x64, 0x6f, 0x77, 0x73, 0x2d, 0x31, 0x32, 
	0x35, 0x32, 0x22, 0x3e, 0xa, 0x20, 0x20, 0x20, 0x20, 0x3c, 
	0x6d, 0x65, 0x74, 0x61, 0x20, 0x63, 0x6f, 0x6e, 0x74, 0x65, 
	0x6e, 0x74, 0x3d, 0x22, 0x4d, 0x53, 0x48, 0x54, 0x4d, 0x4c, 
	0x20, 0x36, 0x2e, 0x30, 0x30, 0x2e, 0x32, 0x38, 0x30, 0x30, 
	0x2e, 0x31, 0x35, 0x36, 0x31, 0x22, 0x20, 0x6e, 0x61, 0x6d, 
	0x65, 0x3d, 0x22, 0x47, 0x45, 0x4e, 0x45, 0x52, 0x41, 0x54, 
	0x4f, 0x52, 0x22, 0x3e, 0xa, 0x20, 0x20, 0x20, 0x20, 0x3c, 
	0x73, 0x74, 0x79, 0x6c, 0x65, 0x20, 0x3d, 0x22, 0x66, 0x6f, 
	0x6e, 0x74, 0x2d, 0x77, 0x65, 0x69, 0x67, 0x68, 0x74, 0x3a, 
	0x20, 0x6e, 0x6f, 0x72, 0x6d, 0x61, 0x6c, 0x3b, 0x20, 0x66, 
	0x6f, 0x6e, 0x74, 0x2d, 0x66, 0x61, 0x6d, 0x69, 0x6c, 0x79, 
	0x3a, 0x20, 0x56, 0x65, 0x72, 0x64, 0x61, 0x6e, 0x61, 0x3b, 
	0x22, 0x3e, 0x3c, 0x2f, 0x73, 0x74, 0x79, 0x6c, 0x65, 0x3e, 
	0xa, 0x3c, 0x2f, 0x68, 0x65, 0x61, 0x64, 0x3e, 0xa, 0x3c, 
	0x62, 0x6f, 0x64, 0x79, 0x3e, 0xa, 0x20, 0x20, 0x20, 0x20, 
	0x3c, 0x68, 0x34, 0x3e, 0xa, 0x20, 0x20, 0x20, 0x20, 0x20, 
	0x20, 0x20, 0x20, 0x3c, 0x62, 0x69, 0x67, 0x20, 0x73, 0x74, 
	0x79, 0x6c, 0x65, 0x3d, 0x22, 0x66, 0x6f, 0x6e, 0x74, 0x2d, 
	0x77, 0x65, 0x69, 0x67, 0x68, 0x74, 0x3a, 0x20, 0x62, 0x6f, 
	0x6c, 0x64, 0x3b, 0x22, 0x3e, 0xa, 0x20, 0x20, 0x20, 0x20, 
	0x20, 0x20, 0x20, 0x20, 0x20, 0x20, 0x20, 0x20, 0x3c, 0x73, 
	0x74, 0x72, 0x6f, 0x6e, 0x67, 0x20, 0x73, 0x74, 0x79, 0x6c, 
	0x65, 0x3d, 0x22, 0x63, 0x6f, 0x6c, 0x6f, 0x72, 0x3a, 0x20, 
	0x72, 0x67, 0x62, 0x28, 0x30, 0x2c, 0x20, 0x30, 0x2c, 0x20, 
	0x30, 0x29, 0x3b, 0x22, 0x3e, 0xa, 0x20, 0x20, 0x20, 0x20, 
	0x20, 0x20, 0x20, 0x20, 0x20, 0x20, 0x20, 0x20, 0x20, 0x20, 
	0x20, 0x20, 0x3c, 0x73, 0x70, 0x61, 0x6e, 0x20, 0x73, 0x74, 
	0x79, 0x6c, 0x65, 0x3d, 0x22, 0x66, 0x6f, 0x6e, 0x74, 0x2d, 
	0x73, 0x74, 0x79, 0x6c, 0x65, 0x3a, 0x20, 0x69, 0x74, 0x61, 
	0x6c, 0x69, 0x63, 0x3b, 0x22, 0x3e, 0x53, 0x54, 0x4d, 0x33, 
	0x32, 0x48, 0x37, 0x20, 0x43, 0x41, 0x4e, 0x20, 0x73, 0x6e, 
	0x69, 0x66, 0x66, 0x65, 0x72, 0x3c, 0x2f, 0x73, 0x70, 0x61, 
	0x6e, 0x3e, 0xa, 0x20, 0x20, 0x20, 0x20, 0x20, 0x20, 0x20, 
	0x20, 0x20, 0x20, 0x20, 0x20, 0x3c, 0x2f, 0x73, 0x74, 0x72, 
	0x6f, 0x6e, 0x67, 0x3e, 0xa, 0x20, 0x20, 0x20, 0x20, 0x20, 
	0x20, 0x20, 0x20, 0x3c, 0x2f, 0x62, 0x69, 0x67, 0x3e, 0xa, 
	0x20, 0x20, 0x20, 0x20, 0x3c, 0x2f, 0x68, 0x34, 0x3e, 0xa, 
	0x20, 0x20, 0x20, 0x20, 0x3c, 0x74, 0x61, 0x62, 0x6c, 0x65, 
	0x20, 0x73, 0x74, 0x79, 0x6c, 0x65, 0x3d, 0x22, 0x77, 0x69, 
	0x64, 0x74, 0x68, 0x3a, 0x20, 0x39, 0x36, 0x31, 0x70, 0x78, 
	0x3b, 0x20, 0x68, 0x65, 0x69, 0x67, 0x68, 0x74, 0x3a, 0x20, 
	0x33, 0x30, 0x70, 0x78, 0x3b, 0x22, 0x20, 0x62, 0x6f, 0x72, 
	0x64, 0x65, 0x72, 0x3d, 0x22, 0x30, 0x22, 0x20, 0x63, 0x65, 
	0x6c, 0x6c, 0x70, 0x61, 0x64, 0x64, 0x69, 0x6e, 0x67, 0x3d, 
	0x22, 0x32, 0x22, 0x20, 0x63, 0x65, 0x6c, 0x6c, 0x73, 0x70, 
	0x61, 0x63, 0x69, 0x6e, 0x67, 0x3d, 0x22, 0x32, 0x22, 0x3e, 
	0xa, 0x20, 0x20, 0x20, 0x20, 0x20, 0x20, 0x20, 0x20, 0x3c, 
	0x74, 0x62, 0x6f, 0x64, 0x79, 0x3e, 0xa, 0x20, 0x20, 0x20, 
	0x20, 0x20, 0x20, 0x20, 0x20, 0x20, 0x20, 0x20, 0x20, 0x3c, 
	0x74, 0x72, 0x3e, 0xa, 0x20, 0x20, 0x20, 0x20, 0x20, 0x20, 
	0x20, 0x20, 0x20, 0x20, 0x20, 0x20, 0x20, 0x20, 0x20, 0x20, 
	0x3c, 0x74, 0x64, 0x20, 0x73, 0x74, 0x79, 0x6c, 0x65, 0x3d, 
	0x22, 0x66, 0x6f, 0x6e, 0x74, 0x2d, 0x66, 0x61, 0x6d, 0x69, 
	0x6c, 0x79, 0x3a, 0x20, 0x56, 0x65, 0x72, 0x64, 0x61, 0x6e, 
	0x61, 0x3b, 0x20, 0x66, 0x6f, 0x6e, 0x74, 0x2d, 0x77, 0x65, 
	0x69, 0x67, 0x68, 0x74, 0x3a, 0x20, 0x62, 0x6f, 0x6c, 0x64, 
	0x3b, 0x20, 0x66, 0x6f, 0x6e, 0x74, 0x2d, 0x73, 0x74, 0x79, 
	0x6c, 0x65, 0x3a, 0x20, 0x69, 0x74, 0x61, 0x6c, 0x69, 0x63, 
	0x3b, 0x20, 0x62, 0x61, 0x63, 0x6b, 0x67, 0x72, 0x6f, 0x75, 
	0x6e, 0x64, 0x2d, 0x63, 0x6f, 0x6c, 0x6f, 0x72, 0x3a, 0x20, 
	0x72, 0x67, 0x62, 0x28, 0x32, 0x35, 0x35, 0x2c, 0x20, 0x32, 
	0x35, 0x35, 0x2c, 0x20, 0x32, 0x35, 0x35, 0x29, 0x3b, 0x20, 
	0x74, 0x65, 0x78, 0x74, 0x2d, 0x61, 0x6c, 0x69, 0x67, 0x6e, 
	0x3a, 0x20, 0x63, 0x65, 0x6e, 0x74, 0x65, 0x72, 0x3b, 0x22, 
	0x3e, 0xa, 0x20, 0x20, 0x20, 0x20, 0x20, 0x20, 0x20, 0x20, 
	0x20, 0x20, 0x20, 0x20, 0x20, 0x20, 0x20, 0x20, 0x20, 0x20, 
	0x20, 0x20, 0x3c, 0x61, 0x20, 0x68, 0x72, 0x65, 0x66, 0x3d, 
	0x22, 0x2f, 0x69, 0x6e, 0x64, 0x65, 0x78, 0x2e, 0x68, 0x74, 
	0x6d, 0x6c, 0x22, 0x3e, 0xa, 0x20, 0x20, 0x20, 0x20, 0x20, 
	0x20, 0x20, 0x20, 0x20, 0x20, 0x20, 0x20, 0x20, 0x20, 0x20, 
	0x20, 0x20, 0x20, 0x20, 0x20, 0x20, 0x20, 0x20, 0x20, 0x3c, 
	0x73, 0x70, 0x61, 0x6e, 0x20, 0x73, 0x74, 0x79, 0x6c, 0x65, 
	0x3d, 0x22, 0x63, 0x6f, 0x6c, 0x6f, 0x72, 0x3a, 0x20, 0x72, 
	0x67, 0x62, 0x28, 0x30, 0x2c, 0x20, 0x30, 0x2c, 0x20, 0x30, 
	0x29, 0x3b, 0x22, 0x3e, 0x48, 0x6f, 0x6d, 0x65, 0xa, 0x20, 
	0x20, 0x20, 0x20, 0x20, 0x20, 0x20, 0x20, 0x20, 0x20, 0x20, 
	0x20, 0x20, 0x20, 0x20, 0x20, 0x20, 0x20, 0x20, 0x20, 0x20, 
	0x20, 0x20, 0x20, 0x70, 0x61, 0x67, 0x65, 0x3c, 0x2f, 0x73, 
	0x70, 0x61, 0x6e, 0x3e, 0xa, 0x20, 0x20, 0x20, 0x20, 0x20, 
	0x20, 0x20, 0x20, 0x20, 0x20, 0x20, 0x20, 0x20, 0x20, 0x20, 
	0x20, 0x20, 0x20, 0x20, 0x20, 0x3c, 0x2f, 0x61, 0x3e, 0xa, 
	0x20, 0x20, 0x20, 0x20, 0x20, 0x20, 0x20, 0x20, 0x20, 0x20, 
	0x20, 0x20, 0x20, 0x20, 0x20, 0x20, 0x3c, 0x2f, 0x74, 0x64, 
	0x3e, 0xa, 0x20, 0x20, 0x20, 0x20, 0x20, 0x20, 0x20, 0x20, 
	0x20, 0x20, 0x20, 0x20, 0x20, 0x20, 0x20, 0x20, 0x3c, 0x74, 
	0x64, 0x20, 0x73, 0x74, 0x79, 0x6c, 0x65, 0x3d, 0x22, 0x66, 
	0x6f, 0x6e, 0x74, 0x2d, 0x66, 0x61, 0x6d, 0x69, 0x6c, 0x79, 
	0x3a, 0x20, 0x56, 0x65, 0x72, 0x64, 0x61, 0x6e, 0x61, 0x3b, 
	0x20, 0x66, 0x6f, 0x6e, 0x74, 0x2d, 0x77, 0x65, 0x69, 0x67, 
	0x68, 0x74, 0x3a, 0x20, 0x62, 0x6f, 0x6c, 0x64, 0x3b, 0x20, 
	0x66, 0x6f, 0x6e, 0x74, 0x2d, 0x73, 0x74, 0x79, 0x6c, 0x65, 
	0x3a, 0x20, 0x69, 0x74, 0x61, 0x6c, 0x69, 0x63, 0x3b, 0x20, 
	0x62, 0x61, 0x63, 0x6b, 0x67, 0x72, 0x6f, 0x75, 0x6e, 0x64, 
	0x2d, 0x63, 0x6f, 0x6c, 0x6f, 0x72, 0x3a, 0x20, 0x72, 0x67, 
	0x62, 0x28, 0x32, 0x35, 0x35, 0x2c, 0x20, 0x32, 0x35, 0x35, 
	0x2c, 0x20, 0x32, 0x35, 0x35, 0x29, 0x3b, 0x20, 0x74, 0x65, 
	0x78, 0x74, 0x2d, 0x61, 0x6c, 0x69, 0x67, 0x6e, 0x3a, 0x20, 
	0x63, 0x65, 0x6e, 0x74, 0x65, 0x72, 0x3b, 0x22, 0x3e, 0xa, 
	0x20, 0x20, 0x20, 0x20, 0x20, 0x20, 0x20, 0x20, 0x20, 0x20, 
	0x20, 0x20, 0x20, 0x20, 0x20, 0x20, 0x20, 0x20, 0x20, 0x20, 
	0x3c, 0x61, 0x20, 0x68, 0x72, 0x65, 0x66, 0x3d, 0x22, 0x2f, 
	0x63, 0x61, 0x6e, 0x2e, 0x73, 0x68, 0x74, 0x6d, 0x6c, 0x22, 
	0x3e, 0xa, 0x20, 0x20, 0x20, 0x20, 0x20, 0x20, 0x20, 0x20, 
	0x20, 0x20, 0x20, 0x20, 0x20, 0x20, 0x20, 0x20, 0x20, 0x20, 
	0x20, 0x20, 0x20, 0x20, 0x20, 0x20, 0x3c, 0x73, 0x70, 0x61, 
	0x6e, 0x20, 0x73, 0x74, 0x79, 0x6c, 0x65, 0x3d, 0x22, 0x63, 
	0x6f, 0x6c, 0x6f, 0x72, 0x3a, 0x20, 0x72, 0x67, 0x62, 0x28, 
	0x30, 0x2c, 0x20, 0x30, 0x2c, 0x20, 0x30, 0x29, 0x3b, 0x22, 
	0x3e, 0x43, 0x41, 0x4e, 0x20, 0x73, 0x65, 0x74, 0x75, 0x70, 
	0xa, 0x20, 0x20, 0x20, 0x20, 0x20, 0x20, 0x20, 0x20, 0x20, 
	0x20, 0x20, 0x20, 0x20, 0x20, 0x20, 0x20, 0x20, 0x20, 0x20, 
	0x20, 0x20, 0x20, 0x20, 0x20, 0x3c, 0x2f, 0x73, 0x70, 0x61, 
	0x6e, 0x3e, 0xa, 0x20, 0x20, 0x20, 0x20, 0x20, 0x20, 0x20, 
	0x20, 0x20, 0x20, 0x20, 0x20, 0x20, 0x20, 0x20, 0x20, 0x20, 
	0x20, 0x20, 0x20, 0x3c, 0x2f, 0x61, 0x3e, 0xa, 0x20, 0x20, 
	0x20, 0x20, 0x20, 0x20, 0x20, 0x20, 0x20, 0x20, 0x20, 0x20, 
	0x20, 0x20, 0x20, 0x20, 0x3c, 0x2f, 0x74, 0x64, 0x3e, 0xa, 
	0x20, 0x20, 0x20, 0x20, 0x20, 0x20, 0x20, 0x20, 0x20, 0x20, 
	0x20, 0x20, 0x20, 0x20, 0x20, 0x20, 0x3c, 0x74, 0x64, 0x20, 
	0x73, 0x74, 0x79, 0x6c, 0x65, 0x3d, 0x22, 0x66, 0x6f, 0x6e, 
	0x74, 0x2d, 0x66, 0x61, 0x6d, 0x69, 0x6c, 0x79, 0x3a, 0x20, 
	0x56, 0x65, 0x72, 0x64, 0x61, 0x6e, 0x61, 0x3b, 0x20, 0x66, 
	0x6f, 0x6e, 0x74, 0x2d, 0x77, 0x65, 0x69, 0x67, 0x68, 0x74, 
	0x3a, 0x20, 0x62, 0x6f, 0x6c, 0x64, 0x3b, 0x20, 0x66, 0x6f, 
	0x6e, 0x74, 0x2d, 0x73, 0x74, 0x79, 0x6c, 0x65, 0x3a, 0x20, 
	0x69, 0x74, 0x61, 0x6c, 0x69, 0x63, 0x3b, 0x20, 0x62, 0x61, 
	0x63, 0x6b, 0x67, 0x72, 0x6f, 0x75, 0x6e, 0x64, 0x2d, 0x63, 
	0x6f, 0x6c, 0x6f, 0x72, 0x3a, 0x20, 0x72, 0x67, 0x62, 0x28, 
	0x32, 0x35, 0x35, 0x2c, 0x20, 0x32, 0x35, 0x35, 0x2c, 0x20, 
	0x32, 0x35, 0x35, 0x29, 0x3b, 0x20, 0x74, 0x65, 0x78, 0x74, 
	0x2d, 0x61, 0x6c, 0x69, 0x67, 0x6e, 0x3a, 0x20, 0x63, 0x65, 
	0x6e, 0x74, 0x65, 0x72, 0x3b, 0x22, 0x3e, 0xa, 0x20, 0x20, 
	0x20, 0x20, 0x20, 0x20, 0x20, 0x20, 0x20, 0x20, 0x20, 0x20, 
	0x20, 0x20, 0x20, 0x20, 0x20, 0x20, 0x20, 0x20, 0x3c, 0x61, 
	0x20, 0x68, 0x72, 0x65, 0x66, 0x3d, 0x22, 0x2f, 0x63, 0x61, 
	0x6e, 0x5f, 0x74, 0x72, 0x61, 0x63, 0x65, 0x2e, 0x73, 0x68, 
	0x74, 0x6d, 0x6c, 0x22, 0x3e, 0xa, 0x20, 0x20, 0x20, 0x20, 
	0x20, 0x20, 0x20, 0x20, 0x20, 0x20, 0x20, 0x20, 0x20, 0x20, 
	0x20, 0x20, 0x20, 0x20, 0x20, 0x20, 0x20, 0x20, 0x20, 0x20, 
	0x3c, 0x73, 0x70, 0x61, 0x6e, 0x20, 0x73, 0x74, 0x79, 0x6c, 
	0x65, 0x3d, 0x22, 0x63, 0x6f, 0x6c, 0x6f, 0x72, 0x3a, 0x20, 
	0x72, 0x67, 0x62, 0x28, 0x30, 0x2c, 0x20, 0x30, 0x2c, 0x20, 
	0x30, 0x29, 0x3b, 0x22, 0x3e, 0x43, 0x41, 0x4e, 0x20, 0x74, 
	0x72, 0x61, 0x63, 0x65, 0xa, 0x20, 0x20, 0x20, 0x20, 0x20, 
	0x20, 0x20, 0x20, 0x20, 0x20, 0x20, 0x20, 0x20, 0x20, 0x20, 
	0x20, 0x20, 0x20, 0x20, 0x20, 0x20, 0x20, 0x20, 0x20, 0x3c, 
	0x2f, 0x73, 0x70, 0x61, 0x6e, 0x3e, 0xa, 0x20, 0x20, 0x20, 
	0x20, 0x20, 0x20, 0x20, 0x20, 0x20, 0x20, 0x20, 0x20, 0x20, 
	0x20, 0x20, 0x20, 0x20, 0x20, 0x20, 0x20, 0x3c, 0x2f, 0x61, 
	0x3e, 0xa, 0x20, 0x20, 0x20, 0x20, 0x20, 0x20, 0x20, 0x20, 
	0x20, 0x20, 0x20, 0x20, 0x20, 0x20, 0x20, 0x20, 0x3c, 0x2f, 
	0x74, 0x64, 0x3e, 0xa, 0x20, 0x20, 0x20, 0x20, 0x20, 0x20, 
	0x20, 0x20, 0x20, 0x20, 0x20, 0x20, 0x3c, 0x2f, 0x74, 0x72, 
	0x3e, 0xa, 0x20, 0x20, 0x20, 0x20, 0x20, 0x20, 0x20, 0x20, 
	0x3c, 0x2f, 0x74, 0x62, 0x6f, 0x64, 0x79, 0x3e, 0xa, 0x20, 
	0x20, 0x20, 0x20, 0x3c, 0x2f, 0x74, 0x61, 0x62, 0x6c, 0x65, 
	0x3e, 0xa, 0x20, 0x20, 0x20, 0x20, 0x3c, 0x62, 0x72, 0x3e, 
	0xa, 0x20, 0x20, 0x20, 0x20, 0x3c, 0x73, 0x6d, 0x61, 0x6c, 
	0x6c, 0x3e, 0xa, 0x20, 0x20, 0x20, 0x20, 0x20, 0x20, 0x20, 
	0x20, 0x3c, 0x73, 0x70, 0x61, 0x6e, 0x20, 0x73, 0x74, 0x79, 
	0x6c, 0x65, 0x3d, 0x22, 0x66, 0x6f, 0x6e, 0x74, 0x2d, 0x66, 
	0x61, 0x6d, 0x69, 0x6c, 0x79, 0x3a, 0x20, 0x56, 0x65, 0x72, 
	0x64, 0x61, 0x6e, 0x61, 0x3b, 0x22, 0x3e, 0x50, 0x61, 0x67, 
	0x65, 0x20, 0x6e, 0x6f, 0x74, 0x20, 0x66, 0x6f, 0x75, 0x6e, 
	0x64, 0x20, 0x2e, 0x2e, 0x2e, 0xa, 0x20, 0x20, 0x20, 0x20, 
	0x20, 0x20, 0x20, 0x20, 0x3c, 0x2f, 0x73, 0x70, 0x61, 0x6e, 
	0x3e, 0xa, 0x20, 0x20, 0x20, 0x20, 0x3c, 0x2f, 0x73, 0x6d, 
	0x61, 0x6c, 0x6c, 0x3e, 0xa, 0x20, 0x20, 0x20, 0x20, 0x3c, 
	0x68, 0x33, 0x3e, 0xa, 0x20, 0x20, 0x20, 0x20, 0x20, 0x20, 
	0x20, 0x20, 0x3c, 0x66, 0x6f, 0x6e, 0x74, 0x20, 0x73, 0x69, 
	0x7a, 0x65, 0x3d, 0x22, 0x2d, 0x31, 0x22, 0x3e, 0xa, 0x20, 
	0x20, 0x20, 0x20, 0x20, 0x20, 0x20, 0x20, 0x20, 0x20, 0x20, 
	0x20, 0x3c, 0x73, 0x70, 0x61, 0x6e, 0x20, 0x73, 0x74, 0x79, 
	0x6c, 0x65, 0x3d, 0x22, 0x63, 0x6f, 0x6c, 0x6f, 0x72, 0x3a, 
	0x20, 0x62, 0x6c, 0x61, 0x63, 0x6b, 0x3b, 0x22, 0x3e, 0x3c, 
	0x2f, 0x73, 0x70, 0x61, 0x6e, 0x3e, 0xa, 0x20, 0x20, 0x20, 
	0x20, 0x20, 0x20, 0x20, 0x20, 0x3c, 0x2f, 0x66, 0x6f, 0x6e, 
	0x74, 0x3e, 0xa, 0x20, 0x20, 0x20, 0x20, 0x3c, 0x2f, 0x68, 
	0x33, 0x3e, 0xa, 0x20, 0x20, 0x20, 0x20, 0x3c, 0x68, 0x33, 
	0x20, 0x73, 0x74, 0x79, 0x6c, 0x65, 0x3d, 0x22, 0x66, 0x6f, 
	0x6e, 0x74, 0x2d, 0x77, 0x65, 0x69, 0x67, 0x68, 0x74, 0x3a, 
	0x20, 0x6e, 0x6f, 0x72, 0x6d, 0x61, 0x6c, 0x3b, 0x20, 0x66, 
	0x6f, 0x6e, 0x74, 0x2d, 0x66, 0x61, 0x6d, 0x69, 0x6c, 0x79, 
	0x3a, 0x20, 0x56, 0x65, 0x72, 0x64, 0x61, 0x6e, 0x61, 0x3b, 
	0x22, 0x3e, 0xa, 0x20, 0x20, 0x20, 0x20, 0x20, 0x20, 0x20, 
	0x20, 0x3c, 0x66, 0x6f, 0x6e, 0x74, 0x20, 0x73, 0x69, 0x7a, 
	0x65, 0x3d, 0x22, 0x2d, 0x31, 0x22, 0x3e, 0xa, 0x20, 0x20, 
	0x20, 0x20, 0x20, 0x20, 0x20, 0x20, 0x20, 0x20, 0x20, 0x20, 
	0x3c, 0x62, 0x72, 0x3e, 0xa, 0x20, 0x20, 0x20, 0x20, 0x20, 
	0x20, 0x20, 0x20, 0x3c, 0x2f, 0x66, 0x6f, 0x6e, 0x74, 0x3e, 
	0xa, 0x20, 0x20, 0x20, 0x20, 0x3c, 0x2f, 0x68, 0x33, 0x3e, 
	0xa, 0x3c, 0x2f, 0x62, 0x6f, 0x64, 0x79, 0x3e, 0xa, 0x3c, 
	0x2f, 0x68, 0x74, 0x6d, 0x6c, 0x3e, 0xa, };

static const unsigned char data_files_logo_jpg[] = {
	/* /files/logo.jpg */
	0x2f, 0x66, 0x69, 0x6c, 0x65, 0x73, 0x2f, 0x6c, 0x6f, 0x67, 0x6f, 0x2e, 0x6a, 0x70, 0x67, 0,
	0x48, 0x54, 0x54, 0x50, 0x2f, 0x31, 0x2e, 0x30, 0x20, 0x32, 
	0x30, 0x30, 0x20, 0x4f, 0x4b, 0xd, 0xa, 0x53, 0x65, 0x72, 
	0x76, 0x65, 0x72, 0x3a, 0x20, 0x6c, 0x77, 0x49, 0x50, 0x2f, 
	0x70, 0x72, 0x65, 0x2d, 0x30, 0x2e, 0x36, 0x20, 0x28, 0x68, 
	0x74, 0x74, 0x70, 0x3a, 0x2f, 0x2f, 0x77, 0x77, 0x77, 0x2e, 
	0x73, 0x69, 0x63, 0x73, 0x2e, 0x73, 0x65, 0x2f, 0x7e, 0x61, 
	0x64, 0x61, 0x6d, 0x2f, 0x6c, 0x77, 0x69, 0x70, 0x2f, 0x29, 
	0xd, 0xa, 0x43, 0x6f, 0x6e, 0x74, 0x65, 0x6e, 0x74, 0x2d, 
	0x74, 0x79, 0x70, 0x65, 0x3a, 0x20, 0x69, 0x6d, 0x61, 0x67, 
	0x65, 0x2f, 0x6a, 0x70, 0x65, 0x67, 0xd, 0xa, 0xd, 0xa, 
	0xff, 0xd8, 0xff, 0xe0, 00, 0x10, 0x4a, 0x46, 0x49, 0x46, 
	00, 0x1, 0x1, 0x1, 00, 0x48, 00, 0x48, 00, 00, 
	0xff, 0xfe, 00, 0x3c, 0x43, 0x52, 0x45, 0x41, 0x54, 0x4f, 
	0x52, 0x3a, 0x20, 0x67, 0x64, 0x2d, 0x6a, 0x70, 0x65, 0x67, 
	0x20, 0x76, 0x31, 0x2e, 0x30, 0x20, 0x28, 0x75, 0x73, 0x69, 
	0x6e, 0x67, 0x20, 0x49, 0x4a, 0x47, 0x20, 0x4a, 0x50, 0x45, 
	0x47, 0x20, 0x76, 0x36, 0x32, 0x29, 0x2c, 0x20, 0x71, 0x75, 
	0x61, 0x6c, 0x69, 0x74, 0x79, 0x20, 0x3d, 0x20, 0x31, 0x30, 
	0x30, 0xa, 0xff, 0xdb, 00, 0x43, 00, 0x6, 0x4, 0x5, 
	0x6, 0x5, 0x4, 0x6, 0x6, 0x5, 0x6, 0x7, 0x7, 0x6, 
	0x8, 0xa, 0x10, 0xa, 0xa, 0x9, 0x9, 0xa, 0x14, 0xe, 
	0xf, 0xc, 0x10, 0x17, 0x14, 0x18, 0x18, 0x17, 0x14, 0x16, 
	0x16, 0x1a, 0x1d, 0x25, 0x1f, 0x1a, 0x1b, 0x23, 0x1c, 0x16, 
	0x16, 0x20, 0x2c, 0x20, 0x23, 0x26, 0x27, 0x29, 0x2a, 0x29, 
	0x19, 0x1f, 0x2d, 0x30, 0x2d, 0x28, 0x30, 0x25, 0x28, 0x29, 
	0x28, 0xff, 0xdb, 00, 0x43, 0x1, 0x7, 0x7, 0x7, 0xa, 
	0x8, 0xa, 0x13, 0xa, 0xa, 0x13, 0x28, 0x1a, 0x16, 0x1a, 
	0x28, 0x28, 0x28, 0x28, 0x28, 0x28, 0x28, 0x28, 0x28, 0x28, 
	0x28, 0x28, 0x28, 0x28, 0x28, 0x28, 0x28, 0x28, 0x28, 0x28, 
	0x28, 0x28, 0x28, 0x28, 0x28, 0x28, 0x28, 0x28, 0x28, 0x28, 
	0x28, 0x28, 0x28, 0x28, 0x28, 0x28, 0x28, 0x28, 0x28, 0x28, 
	0x28, 0x28, 0x28, 0x28, 0x28, 0x28, 0x28, 0x28, 0x28, 0x28, 
	0xff, 0xc0, 00, 0x11, 0x8, 00, 0x44, 00, 0x60, 0x3, 
	0x1, 0x22, 00, 0x2, 0x11, 0x1, 0x3, 0x11, 0x1, 0xff, 
	0xc4, 00, 0x1c, 00, 00, 0x2, 0x2, 0x3, 0x1, 0x1, 
	00, 00, 00, 00, 00, 00, 00, 00, 00, 00, 
	00, 0x7, 0x6, 0x8, 0x2, 0x3, 0x4, 0x5, 0x1, 0xff, 
	0xc4, 00, 0x3c, 0x10, 00, 0x1, 0x3, 0x3, 0x3, 00, 
	0x6, 0x6, 0x8, 0x5, 0x5, 0x1, 00, 00, 00, 00, 
	0x1, 0x2, 0x3, 0x4, 00, 0x5, 0x11, 0x6, 0x12, 0x21, 
	0x7, 0x13, 0x31, 0x41, 0x51, 0x81, 0x15, 0x22, 0x61, 0x71, 
	0x91, 0xd1, 0x14, 0x32, 0x42, 0x52, 0x55, 0x92, 0x93, 0x94, 
	0x8, 0x23, 0x43, 0x82, 0xa1, 0x24, 0x33, 0x72, 0x73, 0x83, 
	0xf1, 0xff, 0xc4, 00, 0x1a, 0x1, 00, 0x2, 0x3, 0x1, 
	0x1, 00, 00, 00, 00, 00, 00, 00, 00, 00, 
	00, 00, 00, 0x4, 0x1, 0x2, 0x3, 0x5, 0x6, 0xff, 
	0xc4, 00, 0x2b, 0x11, 00, 0x1, 0x3, 0x2, 0x4, 0x3, 
	0x8, 0x3, 00, 00, 00, 00, 00, 00, 00, 00, 
	0x1, 00, 0x2, 0x3, 0x4, 0x11, 0x12, 0x13, 0x21, 0x31, 
	0x5, 0x41, 0xf0, 0x14, 0x42, 0x43, 0x51, 0x53, 0x81, 0xa1, 
	0xd1, 0x52, 0x61, 0xe1, 0xff, 0xda, 00, 0xc, 0x3, 0x1, 
	00, 0x2, 0x11, 0x3, 0x11, 00, 0x3f, 00, 0xb5, 0x34, 
	0x51, 0x45, 0x8, 0x51, 0x9d, 0x77, 0xac, 0x21, 0x69, 0x1b, 
	0x6a, 0x1f, 0x92, 0x92, 0xf4, 0xa7, 0x89, 0x4c, 0x78, 0xe9, 
	0x38, 0x2b, 0x23, 0xb4, 0x93, 0xdc, 0x91, 0x91, 0x93, 0xed, 
	0x14, 0x9a, 0x97, 0xd2, 0xae, 0xa7, 0x96, 0xf9, 0x5b, 0x32, 
	0x19, 0x8a, 0xde, 0x78, 0x6d, 0xa6, 0x52, 0x40, 0xf3, 0x56, 
	0x4d, 0x79, 0x5d, 0x2c, 0xdf, 0x7d, 0x3b, 0xae, 0x25, 0xa9, 
	0xb5, 0xee, 0x8d, 0x13, 0xfd, 0x2b, 0x38, 0xec, 0xc2, 0x4f, 
	0xac, 0x7c, 0xd4, 0x4f, 0x96, 0x29, 0x8d, 0xd1, 0xa7, 0x46, 
	0x90, 0x5, 0xaa, 0x3d, 0xd3, 0x51, 0x47, 0x12, 0xe4, 0xc8, 
	0x48, 0x71, 0xb8, 0xce, 0x72, 0xdb, 0x69, 0x3d, 0x9b, 0x93, 
	0xf6, 0x89, 0x1c, 0xf3, 0xc0, 0xf0, 0xae, 0x8b, 0x19, 0x1c, 
	0x11, 0x87, 0xc8, 0x2e, 0x4a, 0xe6, 0x48, 0xf9, 0x6a, 0x24, 
	0x2c, 0x8c, 0xd8, 0x5, 0xc, 0x6f, 0xa4, 0xad, 0x4a, 0x7e, 
	0xb5, 0xd9, 0x23, 0xff, 00, 0x26, 0xfe, 0x55, 0xd4, 0xd7, 
	0x48, 0x9a, 0x85, 0x5d, 0xb7, 0x74, 0xfe, 0x9b, 0x7f, 0x2a, 
	0x77, 0xa3, 0x4f, 0xd9, 0x90, 0x90, 0x94, 0x5a, 0x2d, 0xc9, 
	0x48, 0xec, 0x2, 0x32, 00, 0x1f, 0xe2, 0xbe, 0xfa, 0x6, 
	0xcf, 0xf8, 0x4d, 0xbf, 0xf6, 0xc8, 0xf9, 0x55, 0x7b, 0x54, 
	0x5e, 0x98, 0x53, 0xd8, 0xe6, 0xf5, 0x4f, 0x5e, 0xe9, 0x34, 
	0xd6, 0xbe, 0xbe, 0xab, 0xb6, 0xee, 0x3f, 0x23, 0x7f, 0x2a, 
	0xe9, 0x1a, 0xe6, 0xf2, 0x46, 0x7d, 0x30, 0x3f, 0x23, 0x7f, 
	0x2a, 0x6e, 0x7a, 0x2, 0xcf, 0xf8, 0x4d, 0xbf, 0xf6, 0xc8, 
	0xf9, 0x51, 0xe8, 0x1b, 0x3f, 0xe1, 0x56, 0xff, 00, 0xdb, 
	0x23, 0xe5, 0x55, 0x35, 0x31, 0xfe, 0xa, 0xc2, 0x92, 0x5f, 
	0x50, 0xa4, 0xeb, 0x9a, 0xf6, 0xf8, 0x9e, 0xcb, 0xb2, 0x7f, 
	0x23, 0x7f, 0x2a, 0xe5, 0x73, 0xa4, 0x4d, 0x40, 0x9e, 0xcb, 
	0xa2, 0x3f, 0x4d, 0xbf, 0x95, 0x3b, 0x7d, 0x3, 0x68, 0xfc, 
	0x2a, 0xdf, 0xfb, 0x74, 0x7c, 0xa8, 0xf4, 0xd, 0xa3, 0xf0, 
	0xa8, 0x1f, 0xb7, 0x47, 0xca, 0xa4, 0x54, 0xc4, 0x3c, 0x30, 
	0xa0, 0xd1, 0xca, 0x7c, 0x43, 0xd7, 0xba, 0x44, 0xb9, 0xd2, 
	0x56, 0xa4, 0x4f, 0x65, 0xc9, 0x1f, 0xa4, 0x8f, 0x95, 0x4c, 
	0x7a, 0x28, 0xd4, 0xda, 0x83, 0x52, 0xde, 0xa4, 0x9, 0xf3, 
	0x12, 0xe4, 0x18, 0xcd, 0xee, 0x58, 0xd, 0xa4, 0x65, 0x4a, 
	0xe1, 0x23, 0x20, 0x7b, 0x9, 0xf2, 0xa6, 0x2f, 0xa0, 0xad, 
	0x1f, 0x85, 0x40, 0xfd, 0xba, 0x3e, 0x55, 0xd5, 0x12, 0x14, 
	0x58, 0x49, 0x52, 0x61, 0xc6, 0x62, 0x3a, 0x54, 0x72, 0x43, 
	0x4d, 0x84, 0x67, 0xdf, 0x8a, 0xac, 0x95, 0x11, 0xb9, 0xa4, 
	0x35, 0x80, 0x2b, 0xc5, 0x4b, 0x23, 0x1c, 0x1c, 0xe9, 0x9, 
	0xb, 0xa2, 0xa3, 0xfa, 0xfa, 0xf6, 0x34, 0xfe, 0x93, 0xb8, 
	0x4f, 0xa, 0xda, 0xea, 0x5b, 0x28, 0x6b, 0xfe, 0x67, 0x81, 
	0xf3, 0xf2, 0xa9, 0x5, 0x57, 0x5f, 0xe2, 0x3f, 0x57, 0xf5, 
	0x97, 0xa8, 0xda, 0x7a, 0x32, 0x82, 0x9a, 0x8a, 0x90, 0xec, 
	0x8c, 0x1f, 0xea, 0x28, 0x64, 0xf, 0x24, 0xe0, 0xf9, 0xd6, 
	0x30, 0x47, 0x8d, 0xe0, 0x2d, 0xea, 0x65, 0xcb, 0x61, 0x29, 
	0x6d, 0x11, 0x7d, 0x64, 0xa4, 0x17, 0xf, 0xa, 0x58, 0xdc, 
	0x4f, 0xbe, 0xae, 0x74, 0x65, 0xb6, 0xb8, 0xcd, 0x29, 0x9c, 
	0x75, 0x4a, 0x40, 0x28, 0xc7, 0x66, 0x31, 0xc5, 0x51, 0xf6, 
	0x26, 0xb6, 0x7e, 0xb6, 0x53, 0xef, 0xa7, 0x8f, 0x44, 0xfd, 
	0x28, 0xb0, 0xc3, 0x4c, 0x59, 0xaf, 0xef, 0xa1, 0x2c, 0x8c, 
	0x21, 0x89, 0x4a, 0x3f, 0x53, 0xc1, 0x2b, 0xf6, 0x7b, 0x7b, 
	0xbd, 0xdd, 0x8f, 0x55, 0x44, 0xe9, 0x1a, 0x8, 0xe4, 0xb9, 
	0xf4, 0x93, 0x32, 0x37, 0x10, 0x4e, 0xeb, 0x8b, 0x5f, 0x5d, 
	0xf5, 0x9e, 0x9f, 0xd4, 0x72, 0x5b, 0x97, 0x72, 0x94, 0xdc, 
	0x57, 0x9c, 0x52, 0xe3, 0x38, 0xd2, 0xb0, 0xda, 0xd1, 0x9e, 
	00, 0xf0, 0x20, 0x60, 0x11, 0xff, 00, 0xda, 0xf0, 0x9b, 
	0xd6, 0xda, 0x8c, 0xf6, 0xde, 0x66, 0x7e, 0xa1, 0xab, 0x1b, 
	0x7c, 0xb4, 0x40, 0xbf, 0xdb, 0x1c, 0x85, 0x71, 0x65, 0x2f, 
	0xc7, 0x70, 0x64, 0x1e, 0xf4, 0x9e, 0xe5, 0x24, 0xf7, 0x1f, 
	0x6d, 0x57, 0x5d, 0x73, 0xa3, 0x66, 0xe9, 0x39, 0xbe, 0xb9, 
	0x2f, 0xc0, 0x70, 0xff, 00, 0x29, 0xf0, 0x3b, 0x7d, 0x8a, 
	0xf0, 0x35, 0x34, 0xb2, 0xc6, 0xf1, 0x85, 0xc0, 0x5d, 0x56, 
	0xb2, 0x19, 0x23, 0x38, 0xda, 0x4d, 0x96, 0xf6, 0xf5, 0x9e, 
	0xa0, 0x3d, 0xb7, 0x79, 0x9f, 0xa8, 0x6b, 0x71, 0xd6, 0x77, 
	0xe4, 0xa0, 0x9f, 0x4a, 0xcc, 0x51, 0xee, 0x1, 0x64, 0x92, 
	0x7c, 0x5, 0x43, 0x90, 0xed, 0x4e, 0xba, 0x27, 0xb2, 0x1b, 
	0xd6, 0xa8, 0x65, 0xf7, 0x51, 0x98, 0x90, 0x48, 0x7d, 0x79, 
	0xec, 0x2a, 0x1f, 0x50, 0x7c, 0x70, 0x7c, 0xa9, 0xc9, 0x4, 
	0x4c, 0x61, 0x71, 0x68, 0xd1, 0x23, 0x11, 0x95, 0xef, 0xc, 
	0xe, 0x3a, 0xfe, 0xd3, 0xda, 0xc4, 0xcc, 0x98, 0xf6, 0x78, 
	0x6d, 0x4f, 0x75, 0x4e, 0xcb, 0x4b, 0x43, 0xad, 0x5a, 0x8e, 
	0x49, 0x5f, 0x69, 0xe7, 0xdf, 0xc5, 0x24, 0xb5, 0xa6, 0xb8, 
	0xb9, 0xca, 0xd4, 0x93, 0x7d, 0x19, 0x70, 0x91, 0x1e, 0x13, 
	0x2e, 0x16, 0x5a, 0x4b, 0x2e, 0x14, 0x85, 0x4, 0xf0, 0x55, 
	0xc7, 0x6e, 0x4e, 0x70, 0x7c, 0x31, 0x4d, 0xbd, 0x7f, 0x7b, 
	0x4d, 0x83, 0x4a, 0x4f, 0x9a, 0x5c, 0xd8, 0xee, 0xc2, 0xdb, 
	0x47, 0xbf, 0x7a, 0xb8, 0x18, 0xf7, 0x76, 0xf9, 0x55, 0x57, 
	0x76, 0xe6, 0xda, 0x46, 0x1b, 0x4a, 0x95, 0x8f, 0x2a, 0x46, 
	0x82, 0xc, 0x64, 0xc8, 0xe1, 0x74, 0xff, 00, 0x13, 0xa9, 
	0x11, 0x6, 0xc4, 0xd3, 0x64, 0xce, 0xd0, 0xb7, 0xdd, 0x43, 
	0x7b, 0xd5, 0x30, 0x60, 0x9b, 0xb4, 0xc5, 0x32, 0x55, 0xbd, 
	0xdc, 0xb8, 0x4f, 0xa8, 0x9e, 0x4f, 0xcb, 0xce, 0x9f, 0x74, 
	0xa1, 0xfe, 0x1f, 0x6d, 0xe, 0x7a, 0x3e, 0x75, 0xfa, 0x52, 
	0x2, 0x4c, 0x95, 0x7d, 0x1e, 0x38, 0xc7, 0x63, 0x69, 0x3e, 
	0xb2, 0xbc, 0xd5, 0xc7, 0xf6, 0x53, 0x7a, 0x97, 0xac, 0x70, 
	0x32, 0x96, 0xb4, 0x6c, 0x9b, 0xa0, 0x69, 0xc9, 0xe, 0x71, 
	0xbd, 0xf5, 0x5c, 0x97, 0x69, 0xcd, 0x5a, 0xed, 0x72, 0xe7, 
	0xc8, 0xcf, 0x53, 0x19, 0xa5, 0x3c, 0xb0, 0x3b, 0x48, 0x48, 
	0xce, 0x7, 0xc2, 0xa8, 0xdd, 0xee, 0x44, 0xfb, 0xbd, 0xea, 
	0x6d, 0xca, 0x5b, 0x4e, 0xa9, 0xf9, 0x4f, 0x29, 0xe5, 0x9d, 
	0xa7, 0xb4, 0x9c, 0xe0, 0x7b, 0x5, 0x5e, 0xfa, 0x2b, 0x38, 
	0x66, 0x11, 0x5f, 0x4b, 0xad, 0x2a, 0x29, 0xcc, 0xd6, 0xd6, 
	0xd6, 0x54, 0x25, 0xc, 0x3e, 0x3f, 0xa2, 0xe7, 0xe5, 0x35, 
	0xbd, 0xd, 0x3a, 0x3b, 0x5a, 0x5f, 0xe5, 0x35, 0x7b, 0xe8, 
	0xa6, 0x45, 0x75, 0xbb, 0xbf, 0x29, 0x43, 0xc3, 0x1, 0xef, 
	0x7c, 0x7f, 0x52, 0x7, 0xa0, 0x2d, 0x69, 0x75, 0x37, 0x16, 
	0xb4, 0xd4, 0xe6, 0xde, 0x95, 0x9, 0x48, 0x51, 0x61, 0xd2, 
	0x9, 0x54, 0x7d, 0xa0, 0x9d, 0xa4, 0xfd, 0xce, 0x30, 0x3c, 
	0x9, 0x3, 0xb3, 0x80, 0xcd, 0xe9, 0x7a, 0x2b, 0x52, 0xba, 
	0x3a, 0xbd, 0x17, 0x47, 0x2c, 0xb2, 0x5e, 0x41, 0xef, 0xa, 
	0x4f, 0x3c, 0x7f, 0x91, 0xe7, 0x53, 0x1a, 0x49, 0xf4, 0xff, 
	00, 0xae, 0xa2, 0x35, 0x68, 0x73, 0x4d, 0xdb, 0x1e, 0x4b, 
	0xd2, 0xdf, 0x50, 0xfa, 0x52, 0x9b, 0x39, 0xd, 0x20, 0x1c, 
	0xed, 0x27, 0xef, 0x12, 0x7, 0x1d, 0xc3, 0xdf, 0x58, 0xb5, 
	0xc6, 0x59, 0x83, 0x98, 0x2c, 0xb6, 0x73, 0x4, 0x14, 0xe5, 
	0x8f, 0x75, 0xfa, 0xd9, 0x21, 0x43, 0xaa, 0xfb, 0xc7, 0xe3, 
	0x56, 0x8f, 0xa0, 0xcb, 0x29, 0xb5, 0xe8, 0x58, 0xf2, 0x5e, 
	0x46, 0xd9, 0x17, 0x3, 0xf4, 0x93, 0x91, 0xce, 0xc3, 0xf5, 
	0x3f, 0xc7, 0x3f, 0xdd, 0x55, 0xc3, 0x41, 0x58, 0xdc, 0xd4, 
	0xba, 0xae, 0xdd, 0x6b, 0x48, 0x57, 0x56, 0xeb, 0x80, 0xba, 
	0xa1, 0xf6, 0x5b, 0x1c, 0xa8, 0xfc, 0x1, 0xf3, 0xc5, 0x5c, 
	0x3b, 0xa4, 0xd8, 0xb6, 0x3b, 0x24, 0x99, 0x8e, 0x80, 0xdc, 
	0x58, 0x6c, 0x15, 0xed, 0x4f, 0x18, 0x4a, 0x47, 00, 0x7c, 
	0x30, 0x29, 0xba, 0xf9, 0x89, 0x2, 0x31, 0xcd, 0x23, 0xc3, 
	0x29, 0x83, 0x5c, 0x66, 0x77, 0x24, 0x87, 0xfe, 0x21, 0xb5, 
	0x37, 0xd2, 0xef, 0xcc, 0xd8, 0xa3, 0xaf, 0xf9, 0x30, 0x92, 
	0x16, 0xfe, 0x3b, 0xdd, 0x50, 0xc8, 0x1e, 0x49, 0xc7, 0xe6, 
	0x34, 0xae, 0xb2, 0x42, 0x72, 0xed, 0x78, 0x87, 0x6f, 0x60, 
	0x12, 0xe4, 0x87, 0x52, 0xd8, 0xf3, 0x35, 0xcf, 0x74, 0x9f, 
	0x2a, 0xf5, 0x79, 0x95, 0x31, 0xd4, 0xa9, 0xc9, 0x52, 0xde, 
	0x53, 0x84, 0x24, 0x12, 0x4a, 0x94, 0x73, 0x80, 0x29, 0xdb, 
	0xd0, 0x6f, 0x47, 0x33, 0xe0, 0x5c, 0x93, 0xa8, 0x6f, 0xec, 
	0x2a, 0x3a, 0x90, 0x82, 0x22, 0x46, 0x58, 0xc2, 0xf2, 0x46, 
	0xa, 0xd4, 0x3b, 0xb8, 0xc8, 00, 0xf3, 0xce, 0x78, 0xc0, 
	0xcb, 0x19, 0x8d, 0xa6, 0x84, 0xe, 0xae, 0x94, 0x30, 0xba, 
	0xb2, 0xa0, 0xbb, 0x91, 0x3f, 0x9, 0xcd, 0x66, 0xb7, 0x31, 
	0x68, 0xb4, 0xc4, 0x81, 0x15, 0x21, 0x2c, 0xc7, 0x6c, 0x36, 
	0x9f, 0x6e, 0x3b, 0xfc, 0xfb, 0x6b, 0xb6, 0x8a, 0x2b, 0x86, 
	0x49, 0x26, 0xe5, 0x7a, 0x60, 0x3, 0x45, 0x82, 0xd7, 0xd7, 
	0x35, 0x85, 0x1e, 0xb5, 0x18, 0x4a, 0xb6, 0xab, 0xd6, 0x1c, 
	0x1f, 0x3, 0xed, 0xac, 0xb7, 0xa7, 0x7e, 0xcd, 0xc3, 0x7e, 
	0x33, 0xb7, 0x3c, 0xe3, 0xc6, 0xa3, 0x33, 0x9f, 0x6d, 0xa5, 
	0xde, 0x54, 0xdb, 0xc8, 0x6d, 0x48, 0x92, 0xc1, 0x38, 0xdb, 
	0xc9, 0xc2, 0x33, 0x90, 0x7c, 0xfe, 0x15, 0xae, 0x4c, 0x85, 
	0xc4, 0x95, 0x78, 0x7e, 0x34, 0x82, 0xb7, 0x14, 0xfb, 0x2d, 
	0x95, 0x12, 0x83, 0xd5, 0x20, 0x84, 0xe4, 0x8c, 0x8e, 0x31, 
	0x92, 0x39, 0xe0, 0x77, 0xf7, 0xd6, 0xc2, 0xb, 0xed, 0xd6, 
	0xdf, 0x69, 0x63, 0x53, 0x87, 0x71, 0xd6, 0xbf, 0x4a, 0x59, 
	0x45, 0x78, 0x10, 0x2e, 0x9f, 0x45, 0x44, 0xe7, 0x2e, 0x32, 
	0x47, 0xd1, 0x23, 0x84, 0x1e, 0xb5, 0xc5, 0xa1, 0x4a, 0x41, 
	0x39, 0xc8, 0x25, 0x3, 0x1f, 0x77, 0x1d, 0xfc, 0xfb, 0xab, 
	0xc6, 0xbb, 0x5c, 0x4c, 0x8d, 0x41, 0x75, 0x62, 0x6e, 0xa3, 
	0x72, 0xc7, 0x1e, 0x13, 0x2d, 0xbb, 0x18, 0x21, 0x4d, 0x20, 
	0x3a, 0x95, 0x27, 0x2a, 0x79, 0x45, 0xc4, 0x9d, 0xc0, 0x2b, 
	0x29, 0xc0, 0xe0, 0x6d, 0x39, 0xed, 0x15, 0x43, 0x11, 0x6, 
	0xcb, 0x66, 0x4a, 0xd7, 0x8b, 0x85, 0x38, 0xae, 0x43, 0x6d, 
	0x82, 0x4e, 0x4c, 0x28, 0xd9, 0xff, 00, 0xa9, 0x3f, 0x2a, 
	0x5f, 0xe8, 0xdd, 0x5a, 0xf2, 0xad, 0xe8, 0x91, 0x7f, 0xba, 
	0xb4, 0x94, 0x39, 0x60, 0x89, 0x35, 0xe, 0x3c, 0x12, 0xd0, 
	0x5b, 0x85, 0x4f, 0xf5, 0xab, 0x3, 0x8e, 0xe0, 0xd6, 0x47, 
	0x76, 0x47, 0x8f, 0x3e, 0x7d, 0xb7, 0x50, 0xcc, 0x9f, 0xa6, 
	0xe5, 0xcf, 0xbb, 0x6a, 0x87, 0x2d, 0x33, 0x21, 0xc0, 0x8e, 
	0xf3, 0x2d, 0x80, 0xd2, 0x43, 0x9b, 0xa3, 0x36, 0xe7, 0x5c, 
	0xa4, 0xa9, 0x24, 0xac, 0x29, 0xc5, 0x2d, 0x38, 0x4e, 0x7, 
	0xab, 0x81, 0x85, 0x64, 0xd4, 0xe5, 0xb8, 0x15, 0x38, 0x81, 
	0x4d, 0x46, 0x22, 0x46, 0x8e, 0xa2, 0xa6, 0x23, 0xb2, 0xd2, 
	0x88, 0xc1, 0x28, 0x40, 0x49, 0xc7, 0x95, 0x6d, 0x71, 0x8, 
	0x71, 0xa, 0x43, 0x89, 0xa, 0x42, 0x86, 0xa, 0x54, 0x32, 
	0xd, 0x29, 0x23, 0x5c, 0xaf, 0xf3, 0x34, 0xed, 0xd2, 0xee, 
	0x9d, 0x41, 0x31, 0x99, 0x11, 0x9d, 0x82, 0xc3, 0x2d, 0xa5, 
	0xa6, 0x8b, 0x60, 0x3b, 0x1a, 0x2a, 0x9c, 0x51, 0x5, 0x1c, 
	0x92, 0x5e, 0x59, 0x1c, 0xf0, 0x71, 0xdd, 0x90, 0x7a, 0xf5, 
	0x15, 0xe6, 0xf3, 0x64, 0xb8, 0x3d, 0x67, 0x66, 0x7c, 0x99, 
	0x11, 0x4c, 0x98, 0xc1, 0x53, 0x1e, 0x5b, 0x48, 0x75, 0x94, 
	0x3a, 0xdb, 0xc7, 0x66, 0xf5, 0x27, 0x60, 0xca, 0xda, 0x48, 
	0xa, 0x50, 0xfb, 0x64, 0xe, 0x76, 0xe0, 0xca, 0x3e, 0x68, 
	0xc4, 0x3c, 0x93, 0x29, 0x98, 0x71, 0x58, 0x56, 0xe6, 0x23, 
	0x32, 0xda, 0xbc, 0x50, 0x80, 0xf, 0xf8, 0xad, 0xab, 0x71, 
	0x8, 0x52, 0x12, 0xb5, 0xa5, 0x2a, 0x59, 0xda, 0x90, 0x4e, 
	0xa, 0x8e, 0x9, 0xc0, 0xf1, 0xe0, 0x13, 0xe5, 0x4a, 0xdb, 
	0x75, 0xd2, 0xf7, 0x72, 0x9d, 0x6, 0xd9, 0xe9, 0x67, 0xd8, 
	0x8a, 0xab, 0xa2, 0xa3, 0x99, 0xd, 0x38, 0xcb, 0xcf, 0x29, 
	0x2, 0x2b, 0x8e, 0x29, 0xa2, 0xe0, 0x46, 0xc2, 0x42, 0x92, 
	0x9f, 0x58, 0xc, 0x80, 0x70, 0x79, 0x19, 0xac, 0xe4, 0x37, 
	0x3a, 0x75, 0xef, 0x4f, 0xc7, 0x93, 0x76, 0x9a, 0xa5, 0xc0, 
	0xd4, 0xf, 0xc4, 0x4b, 0xa9, 0xd, 0x85, 0x38, 0x91, 0x9, 
	0xe7, 0x12, 0x55, 0xea, 0x63, 0x70, 0x7, 0x66, 0x46, 0x32, 
	0x32, 0x71, 0x9e, 0x41, 0x96, 0x79, 0x94, 0x62, 0xf2, 0x9, 
	0xa5, 0x58, 0xb8, 0xe2, 0x1b, 00, 0xb8, 0xa4, 0xa4, 0x12, 
	0x12, 0x37, 0x1c, 0x64, 0x93, 0x80, 0x29, 0x47, 0x60, 0xd5, 
	0x17, 0xe9, 0x52, 0x2d, 0x12, 0x9c, 0x79, 0x6a, 0x99, 0x32, 
	0x57, 0x55, 0x22, 0x2, 0xe4, 0xb2, 0x50, 0x91, 0xce, 0xf6, 
	0xd2, 0xd2, 0x53, 0xd6, 0x21, 0x4d, 0x80, 0x79, 0x27, 0xec, 
	0x9d, 0xdc, 0x1e, 0x9, 0x37, 0x3, 0x3a, 0xd7, 0xa5, 0x67, 
	0x4a, 0xd4, 0xcb, 0x7a, 0xe1, 0x36, 0xe7, 0x8, 0xbf, 0x6d, 
	0x3d, 0x5e, 0xc4, 0xaf, 0xad, 0x49, 0x53, 0x69, 0x40, 0x4e, 
	0xf4, 0x16, 0xc8, 0xc7, 0x27, 0x3c, 0x10, 0xac, 0x93, 0x46, 
	0x51, 0xbe, 0xa8, 0xc6, 0x9b, 0xa, 0x8c, 0xc2, 0xb7, 0x6e, 
	0x61, 0xa3, 0xb8, 0xe5, 0x59, 0x40, 0xe4, 0xfb, 0x6b, 0x24, 
	0xb2, 0xd2, 0x4a, 0x8a, 0x5a, 0x6d, 0x25, 0x63, 0xd6, 0xc2, 
	0x40, 0xcf, 0xbe, 0x8a, 0x2b, 0x3b, 0x95, 0x6c, 0x21, 0x7c, 
	0x11, 0xd9, 0xc, 0x96, 0x43, 0x2d, 0x86, 0x8f, 0xd8, 0x9, 
	0x1b, 0x7e, 0x15, 0x8c, 0x98, 0x71, 0xa5, 0x29, 0xa5, 0x49, 
	0x8e, 0xcb, 0xca, 0x68, 0xee, 0x6c, 0xb8, 0x80, 0xa2, 0x83, 
	0xe2, 0x33, 0xd8, 0x68, 0xa2, 0x8b, 0x94, 0x58, 0x2c, 0x5d, 
	0x81, 0xd, 0xe4, 0xb2, 0x97, 0xa2, 0xc7, 0x71, 0x2c, 0x9d, 
	0xcd, 0x5, 0x36, 0xe, 0xc3, 0xe2, 0x9e, 0x38, 0xf2, 0xaf, 
	0x2, 0xf5, 0xa3, 0x20, 0x5d, 0x26, 0xa9, 0xf3, 0x26, 0x5c, 
	0x50, 0xe2, 0x3, 0x6e, 0x34, 0xc1, 0x6f, 0x6a, 0x80, 0x1b, 
	0x78, 0xdc, 0x82, 0x5b, 0x3b, 0x78, 0xcb, 0x65, 0x27, 00, 
	0x73, 0xc0, 0xa2, 0x8a, 0xbc, 0x67, 0x55, 0xe, 0xd9, 0x48, 
	0x18, 0x87, 0x19, 0x88, 0xe9, 0x61, 0xa6, 0x1a, 0x43, 0x20, 
	0x24, 0x4, 0x4, 0x8c, 0x7a, 0xa0, 0x1, 0xf0, 00, 0xf, 
	0x21, 0x59, 0xbb, 0x1d, 0x97, 0x52, 0xe2, 0x5d, 0x65, 0xb5, 
	0xa5, 0xd4, 0xed, 0x58, 0x52, 0x41, 0xa, 0x1e, 0x7, 0xc4, 
	0x72, 0x68, 0xa2, 0xb3, 0x56, 0x5f, 0x19, 0x8b, 0x1d, 0x96, 
	0xda, 0x6d, 0x96, 0x1a, 0x6d, 0xb6, 0xbf, 0xdb, 0x4a, 0x10, 
	00, 0x47, 0x77, 0x3, 0xbb, 0xb4, 0xd6, 0x5d, 0x4b, 0x5b, 
	0x82, 0xba, 0xa4, 0x6e, 0xa, 0xdf, 0x9d, 0xa3, 0x3b, 0xb1, 
	0x8c, 0xfb, 0xf1, 0xc6, 0x68, 0xa2, 0x84, 0x2c, 0x11, 0xe, 
	0x32, 0x25, 0x2e, 0x4a, 0x23, 0xb2, 0x99, 0x2b, 0x1b, 0x56, 
	0xe8, 0x40, 0xb, 0x50, 0xf0, 0x27, 0xb4, 0xd6, 0x22, 0x4, 
	0x31, 0x25, 0x72, 0x4, 0x48, 0xe2, 0x42, 0xf0, 0x54, 0xef, 
	0x56, 0x37, 0x2b, 0x1d, 0x99, 0x3d, 0xa7, 0x18, 0xa2, 0x8a, 
	0x2e, 0x85, 0xff, 0xd9, };

static const unsigned char data_can_trace_shtml[] = {
	/* /can_trace.shtml */
	0x2f, 0x63, 0x61, 0x6e, 0x5f, 0x74, 0x72, 0x61, 0x63, 0x65, 0x2e, 0x73, 0x68, 0x74, 0x6d, 0x6c, 0,
	0x48, 0x54, 0x54, 0x50, 0x2f, 0x31, 0x2e, 0x30, 0x20, 0x32, 
	0x30, 0x30, 0x20, 0x4f, 0x4b, 0xd, 0xa, 0x53, 0x65, 0x72, 
	0x76, 0x65, 0x72, 0x3a, 0x20, 0x6c, 0x77, 0x49, 0x50, 0x2f, 
	0x70, 0x72, 0x65, 0x2d, 0x30, 0x2e, 0x36, 0x20, 0x28, 0x68, 
	0x74, 0x74, 0x70, 0x3a, 0x2f, 0x2f, 0x77, 0x77, 0x77, 0x2e, 
	0x73, 0x69, 0x63, 0x73, 0x2e, 0x73, 0x65, 0x2f, 0x7e, 0x61, 
	0x64, 0x61, 0x6d, 0x2f, 0x6c, 0x77, 0x69, 0x70, 0x2f, 0x29, 
	0xd, 0xa, 0x43, 0x6f, 0x6e, 0x74, 0x65, 0x6e, 0x74, 0x2d, 
	0x74, 0x79, 0x70, 0x65, 0x3a, 0x20, 0x74, 0x65, 0x78, 0x74, 
	0x2f, 0x68, 0x74, 0x6d, 0x6c, 0xd, 0xa, 0xd, 0xa, 0x3c, 
	0x21, 0x44, 0x4f, 0x43, 0x54, 0x59, 0x50, 0x45, 0x20, 0x68, 
	0x74, 0x6d, 0x6c, 0x20, 0x50, 0x55, 0x42, 0x4c, 0x49, 0x43, 
	0x20, 0x22, 0x2d, 0x2f, 0x2f, 0x57, 0x33, 0x43, 0x2f, 0x2f, 
	0x44, 0x54, 0x44, 0x20, 0x48, 0x54, 0x4d, 0x4c, 0x20, 0x34, 
	0x2e, 0x30, 0x31, 0x2f, 0x2f, 0x45, 0x4e, 0x22, 0x20, 0x22, 
	0x68, 0x74, 0x74, 0x70, 0x3a, 0x2f, 0x2f, 0x77, 0x77, 0x77, 
	0x2e, 0x77, 0x33, 0x2e, 0x6f, 0x72, 0x67, 0x2f, 0x54, 0x52, 
	0x2f, 0x68, 0x74, 0x6d, 0x6c, 0x34, 0x2f, 0x73, 0x74, 0x72, 
	0x69, 0x63, 0x74, 0x2e, 0x64, 0x74, 0x64, 0x22, 0x3e, 0xa, 
	0x3c, 0x68, 0x74, 0x6d, 0x6c, 0x3e, 0xa, 0x3c, 0x68, 0x65, 
	0x61, 0x64, 0x3e, 0xa, 0x20, 0x20, 0x20, 0x20, 0x3c, 0x74, 
	0x69, 0x74, 0x6c, 0x65, 0x3e, 0x53, 0x54, 0x4d, 0x33, 0x32, 
	0x48, 0x37, 0x20, 0x43, 0x41, 0x4e, 0x20, 0x73, 0x6e, 0x69, 
	0x66, 0x66, 0x65, 0x72, 0x3c, 0x2f, 0x74, 0x69, 0x74, 0x6c, 
	0x65, 0x3e, 0xa, 0xa, 0x20, 0x20, 0x20, 0x20, 0x3c, 0x6d, 
	0x65, 0x74, 0x61, 0x20, 0x68, 0x74, 0x74, 0x70, 0x2d, 0x65, 
	0x71, 0x75, 0x69, 0x76, 0x3d, 0x22, 0x43, 0x6f, 0x6e, 0x74, 
	0x65, 0x6e, 0x74, 0x2d, 0x54, 0x79, 0x70, 0x65, 0x22, 0x20, 
	0x63, 0x6f, 0x6e, 0x74, 0x65, 0x6e, 0x74, 0x3d, 0x22, 0x74, 
	0x65, 0x78, 0x74, 0x2f, 0x68, 0x74, 0x6d, 0x6c, 0x3b, 0x20, 
	0x63, 0x68, 0x61, 0x72, 0x73, 0x65, 0x74, 0x3d, 0x77, 0x69, 
	0x6e, 0x64, 0x6f, 0x77, 0x73, 0x2d, 0x31, 0x32, 0x35, 0x32, 
	0x22, 0x3e, 0xa, 0x20, 0x20, 0x20, 0x20, 0x3c, 0x6d, 0x65, 
	0x74, 0x61, 0x20, 0x63, 0x6f, 0x6e, 0x74, 0x65, 0x6e, 0x74, 
	0x3d, 0x22, 0x4d, 0x53, 0x48, 0x54, 0x4d, 0x4c, 0x20, 0x36, 
	0x2e, 0x30, 0x30, 0x2e, 0x32, 0x38, 0x30, 0x30, 0x2e, 0x31, 
	0x35, 0x36, 0x31, 0x22, 0x20, 0x6e, 0x61, 0x6d, 0x65, 0x3d, 
	0x22, 0x47, 0x45, 0x4e, 0x45, 0x52, 0x41, 0x54, 0x4f, 0x52, 
	0x22, 0x3e, 0xa, 0x20, 0x20, 0x20, 0x20, 0x3c, 0x73, 0x74, 
	0x79, 0x6c, 0x65, 0x20, 0x3d, 0x22, 0x66, 0x6f, 0x6e, 0x74, 
	0x2d, 0x77, 0x65, 0x69, 0x67, 0x68, 0x74, 0x3a, 0x20, 0x6e, 
	0x6f, 0x72, 0x6d, 0x61, 0x6c, 0x3b, 0x20, 0x66, 0x6f, 0x6e, 
	0x74, 0x2d, 0x66, 0x61, 0x6d, 0x69, 0x6c, 0x79, 0x3a, 0x20, 
	0x56, 0x65, 0x72, 0x64, 0x61, 0x6e, 0x61, 0x3b, 0x22, 0x3e, 
	0x3c, 0x2f, 0x73, 0x74, 0x79, 0x6c, 0x65, 0x3e, 0xa, 0x20, 
	0x20, 0x20, 0x20, 0xa, 0x3c, 0x2f, 0x68, 0x65, 0x61, 0x64, 
	0x3e, 0xa, 0x3c, 0x62, 0x6f, 0x64, 0x79, 0x3e, 0xa, 0x20, 
	0x20, 0x20, 0x20, 0x3c, 0x68, 0x34, 0x3e, 0xa, 0x20, 0x20, 
	0x20, 0x20, 0x20, 0x20, 0x20, 0x20, 0x3c, 0x62, 0x69, 0x67, 
	0x20, 0x73, 0x74, 0x79, 0x6c, 0x65, 0x3d, 0x22, 0x66, 0x6f, 
	0x6e, 0x74, 0x2d, 0x77, 0x65, 0x69, 0x67, 0x68, 0x74, 0x3a, 
	0x20, 0x62, 0x6f, 0x6c, 0x64, 0x3b, 0x22, 0x3e, 0xa, 0x20, 
	0x20, 0x20, 0x20, 0x20, 0x20, 0x20, 0x20, 0x20, 0x20, 0x20, 
	0x20, 0x3c, 0x73, 0x74, 0x72, 0x6f, 0x6e, 0x67, 0x20, 0x73, 
	0x74, 0x79, 0x6c, 0x65, 0x3d, 0x22, 0x63, 0x6f, 0x6c, 0x6f, 
	0x72, 0x3a, 0x20, 0x72, 0x67, 0x62, 0x28, 0x30, 0x2c, 0x20, 
	0x30, 0x2c, 0x20, 0x30, 0x29, 0x3b, 0x22, 0x3e, 0xa, 0x20, 
	0x20, 0x20, 0x20, 0x20, 0x20, 0x20, 0x20, 0x20, 0x20, 0x20, 
	0x20, 0x20, 0x20, 0x20, 0x20, 0x3c, 0x73, 0x70, 0x61, 0x6e, 
	0x20, 0x73, 0x74, 0x79, 0x6c, 0x65, 0x3d, 0x22, 0x66, 0x6f, 
	0x6e, 0x74, 0x2d, 0x73, 0x74, 0x79, 0x6c, 0x65, 0x3a, 0x20, 
	0x69, 0x74, 0x61, 0x6c, 0x69, 0x63, 0x3b, 0x22, 0x3e, 0x53, 
	0x54, 0x4d, 0x33, 0x32, 0x48, 0x37, 0x20, 0x43, 0x41, 0x4e, 
	0x20, 0x73, 0x6e, 0x69, 0x66, 0x66, 0x65, 0x72, 0x3c, 0x2f, 
	0x73, 0x70, 0x61, 0x6e, 0x3e, 0xa, 0x20, 0x20, 0x20, 0x20, 
	0x20, 0x20, 0x20, 0x20, 0x20, 0x20, 0x20, 0x20, 0x3c, 0x2f, 
	0x73, 0x74, 0x72, 0x6f, 0x6e, 0x67, 0x3e, 0xa, 0x20, 0x20, 
	0x20, 0x20, 0x20, 0x20, 0x20, 0x20, 0x3c, 0x2f, 0x62, 0x69, 
	0x67, 0x3e, 0xa, 0x20, 0x20, 0x20, 0x20, 0x3c, 0x2f, 0x68, 
	0x34, 0x3e, 0xa, 0x20, 0x20, 0x20, 0x20, 0x3c, 0x74, 0x61, 
	0x62, 0x6c, 0x65, 0x20, 0x73, 0x74, 0x79, 0x6c, 0x65, 0x3d, 
	0x22, 0x77, 0x69, 0x64, 0x74, 0x68, 0x3a, 0x20, 0x39, 0x36, 
	0x31, 0x70, 0x78, 0x3b, 0x20, 0x68, 0x65, 0x69, 0x67, 0x68, 
	0x74, 0x3a, 0x20, 0x33, 0x30, 0x70, 0x78, 0x3b, 0x22, 0x20, 
	0x62, 0x6f, 0x72, 0x64, 0x65, 0x72, 0x3d, 0x22, 0x30, 0x22, 
	0x20, 0x63, 0x65, 0x6c, 0x6c, 0x70, 0x61, 0x64, 0x64, 0x69, 
	0x6e, 0x67, 0x3d, 0x22, 0x32, 0x22, 0x20, 0x63, 0x65, 0x6c, 
	0x6c, 0x73, 0x70, 0x61, 0x63, 0x69, 0x6e, 0x67, 0x3d, 0x22, 
	0x32, 0x22, 0x3e, 0xa, 0x20, 0x20, 0x20, 0x20, 0x20, 0x20, 
	0x20, 0x20, 0x3c, 0x74, 0x62, 0x6f, 0x64, 0x79, 0x3e, 0xa, 
	0x20, 0x20, 0x20, 0x20, 0x20, 0x20, 0x20, 0x20, 0x20, 0x20, 
	0x20, 0x20, 0x3c, 0x74, 0x72, 0x3e, 0xa, 0x20, 0x20, 0x20, 
	0x20, 0x20, 0x20, 0x20, 0x20, 0x20, 0x20, 0x20, 0x20, 0x20, 
	0x20, 0x20, 0x20, 0x3c, 0x74, 0x64, 0x20, 0x73, 0x74, 0x79, 
	0x6c, 0x65, 0x3d, 0x22, 0x66, 0x6f, 0x6e, 0x74, 0x2d, 0x66, 
	0x61, 0x6d, 0x69, 0x6c, 0x79, 0x3a, 0x20, 0x56, 0x65, 0x72, 
	0x64, 0x61, 0x6e, 0x61, 0x3b, 0x20, 0x66, 0x6f, 0x6e, 0x74, 
	0x2d, 0x77, 0x65, 0x69, 0x67, 0x68, 0x74, 0x3a, 0x20, 0x62, 
	0x6f, 0x6c, 0x64, 0x3b, 0x20, 0x66, 0x6f, 0x6e, 0x74, 0x2d, 
	0x73, 0x74, 0x79, 0x6c, 0x65, 0x3a, 0x20, 0x69, 0x74, 0x61, 
	0x6c, 0x69, 0x63, 0x3b, 0x20, 0x62, 0x61, 0x63, 0x6b, 0x67, 
	0x72, 0x6f, 0x75, 0x6e, 0x64, 0x2d, 0x63, 0x6f, 0x6c, 0x6f, 
	0x72, 0x3a, 0x20, 0x72, 0x67, 0x62, 0x28, 0x32, 0x35, 0x35, 
	0x2c, 0x20, 0x32, 0x35, 0x35, 0x2c, 0x20, 0x32, 0x35, 0x35, 
	0x29, 0x3b, 0x20, 0x74, 0x65, 0x78, 0x74, 0x2d, 0x61, 0x6c, 
	0x69, 0x67, 0x6e, 0x3a, 0x20, 0x63, 0x65, 0x6e, 0x74, 0x65, 
	0x72, 0x3b, 0x22, 0x3e, 0xa, 0x20, 0x20, 0x20, 0x20, 0x20, 
	0x20, 0x20, 0x20, 0x20, 0x20, 0x20, 0x20, 0x20, 0x20, 0x20, 
	0x20, 0x20, 0x20, 0x20, 0x20, 0x3c, 0x61, 0x20, 0x68, 0x72, 
	0x65, 0x66, 0x3d, 0x22, 0x2f, 0x69, 0x6e, 0x64, 0x65, 0x78, 
	0x2e, 0x68, 0x74, 0x6d, 0x6c, 0x22, 0x3e, 0xa, 0x20, 0x20, 
	0x20, 0x20, 0x20, 0x20, 0x20, 0x20, 0x20, 0x20, 0x20, 0x20, 
	0x20, 0x20, 0x20, 0x20, 0x20, 0x20, 0x20, 0x20, 0x20, 0x20, 
	0x20, 0x20, 0x3c, 0x73, 0x70, 0x61, 0x6e, 0x20, 0x73, 0x74, 
	0x79, 0x6c, 0x65, 0x3d, 0x22, 0x63, 0x6f, 0x6c, 0x6f, 0x72, 
	0x3a, 0x20, 0x72, 0x67, 0x62, 0x28, 0x30, 0x2c, 0x20, 0x30, 
	0x2c, 0x20, 0x30, 0x29, 0x3b, 0x22, 0x3e, 0x48, 0x6f, 0x6d, 
	0x65, 0xa, 0x20, 0x20, 0x20, 0x20, 0x20, 0x20, 0x20, 0x20, 
	0x20, 0x20, 0x20, 0x20, 0x20, 0x20, 0x20, 0x20, 0x20, 0x20, 
	0x20, 0x20, 0x20, 0x20, 0x20, 0x20, 0x70, 0x61, 0x67, 0x65, 
	0x3c, 0x2f, 0x73, 0x70, 0x61, 0x6e, 0x3e, 0xa, 0x20, 0x20, 
	0x20, 0x20, 0x20, 0x20, 0x20, 0x20, 0x20, 0x20, 0x20, 0x20, 
	0x20, 0x20, 0x20, 0x20, 0x20, 0x20, 0x20, 0x20, 0x3c, 0x2f, 
	0x61, 0x3e, 0xa, 0x20, 0x20, 0x20, 0x20, 0x20, 0x20, 0x20, 
	0x20, 0x20, 0x20, 0x20, 0x20, 0x20, 0x20, 0x20, 0x20, 0x3c, 
	0x2f, 0x74, 0x64, 0x3e, 0xa, 0x20, 0x20, 0x20, 0x20, 0x20, 
	0x20, 0x20, 0x20, 0x20, 0x20, 0x20, 0x20, 0x20, 0x20, 0x20, 
	0x20, 0x3c, 0x74, 0x64, 0x20, 0x73, 0x74, 0x79, 0x6c, 0x65, 
	0x3d, 0x22, 0x66, 0x6f, 0x6e, 0x74, 0x2d, 0x66, 0x61, 0x6d, 
	0x69, 0x6c, 0x79, 0x3a, 0x20, 0x56, 0x65, 0x72, 0x64, 0x61, 
	0x6e, 0x61, 0x3b, 0x20, 0x66, 0x6f, 0x6e, 0x74, 0x2d, 0x77, 
	0x65, 0x69, 0x67, 0x68, 0x74, 0x3a, 0x20, 0x62, 0x6f, 0x6c, 
	0x64, 0x3b, 0x20, 0x66, 0x6f, 0x6e, 0x74, 0x2d, 0x73, 0x74, 
	0x79, 0x6c, 0x65, 0x3a, 0x20, 0x69, 0x74, 0x61, 0x6c, 0x69, 
	0x63, 0x3b, 0x20, 0x62, 0x61, 0x63, 0x6b, 0x67, 0x72, 0x6f, 
	0x75, 0x6e, 0x64, 0x2d, 0x63, 0x6f, 0x6c, 0x6f, 0x72, 0x3a, 
	0x20, 0x72, 0x67, 0x62, 0x28, 0x32, 0x35, 0x35, 0x2c, 0x20, 
	0x32, 0x35, 0x35, 0x2c, 0x20, 0x32, 0x35, 0x35, 0x29, 0x3b, 
	0x20, 0x74, 0x65, 0x78, 0x74, 0x2d, 0x61, 0x6c, 0x69, 0x67, 
	0x6e, 0x3a, 0x20, 0x63, 0x65, 0x6e, 0x74, 0x65, 0x72, 0x3b, 
	0x22, 0x3e, 0xa, 0x20, 0x20, 0x20, 0x20, 0x20, 0x20, 0x20, 
	0x20, 0x20, 0x20, 0x20, 0x20, 0x20, 0x20, 0x20, 0x20, 0x20, 
	0x20, 0x20, 0x20, 0x3c, 0x61, 0x20, 0x68, 0x72, 0x65, 0x66, 
	0x3d, 0x22, 0x2f, 0x63, 0x61, 0x6e, 0x2e, 0x73, 0x68, 0x74, 
	0x6d, 0x6c, 0x22, 0x3e, 0xa, 0x20, 0x20, 0x20, 0x20, 0x20, 
	0x20, 0x20, 0x20, 0x20, 0x20, 0x20, 0x20, 0x20, 0x20, 0x20, 
	0x20, 0x20, 0x20, 0x20, 0x20, 0x20, 0x20, 0x20, 0x20, 0x3c, 
	0x73, 0x70, 0x61, 0x6e, 0x20, 0x73, 0x74, 0x79, 0x6c, 0x65, 
	0x3d, 0x22, 0x63, 0x6f, 0x6c, 0x6f, 0x72, 0x3a, 0x20, 0x72, 
	0x67, 0x62, 0x28, 0x30, 0x2c, 0x20, 0x30, 0x2c, 0x20, 0x30, 
	0x29, 0x3b, 0x22, 0x3e, 0x43, 0x41, 0x4e, 0x20, 0x73, 0x65, 
	0x74, 0x75, 0x70, 0xa, 0x20, 0x20, 0x20, 0x20, 0x20, 0x20, 
	0x20, 0x20, 0x20, 0x20, 0x20, 0x20, 0x20, 0x20, 0x20, 0x20, 
	0x20, 0x20, 0x20, 0x20, 0x20, 0x20, 0x20, 0x20, 0x3c, 0x2f, 
	0x73, 0x70, 0x61, 0x6e, 0x3e, 0xa, 0x20, 0x20, 0x20, 0x20, 
	0x20, 0x20, 0x20, 0x20, 0x20, 0x20, 0x20, 0x20, 0x20, 0x20, 
	0x20, 0x20, 0x20, 0x20, 0x20, 0x20, 0x3c, 0x2f, 0x61, 0x3e, 
	0xa, 0x20, 0x20, 0x20, 0x20, 0x20, 0x20, 0x20, 0x20, 0x20, 
	0x20, 0x20, 0x20, 0x20, 0x20, 0x20, 0x20, 0x3c, 0x2f, 0x74, 
	0x64, 0x3e, 0xa, 0x20, 0x20, 0x20, 0x20, 0x20, 0x20, 0x20, 
	0x20, 0x20, 0x20, 0x20, 0x20, 0x20, 0x20, 0x20, 0x20, 0x3c, 
	0x74, 0x64, 0x20, 0x73, 0x74, 0x79, 0x6c, 0x65, 0x3d, 0x22, 
	0x66, 0x6f, 0x6e, 0x74, 0x2d, 0x66, 0x61, 0x6d, 0x69, 0x6c, 
	0x79, 0x3a, 0x20, 0x56, 0x65, 0x72, 0x64, 0x61, 0x6e, 0x61, 
	0x3b, 0x20, 0x66, 0x6f, 0x6e, 0x74, 0x2d, 0x77, 0x65, 0x69, 
	0x67, 0x68, 0x74, 0x3a, 0x20, 0x62, 0x6f, 0x6c, 0x64, 0x3b, 
	0x20, 0x66, 0x6f, 0x6e, 0x74, 0x2d, 0x73, 0x74, 0x79, 0x6c, 
	0x65, 0x3a, 0x20, 0x69, 0x74, 0x61, 0x6c, 0x69, 0x63, 0x3b, 
	0x20, 0x62, 0x61, 0x63, 0x6b, 0x67, 0x72, 0x6f, 0x75, 0x6e, 
	0x64, 0x2d, 0x63, 0x6f, 0x6c, 0x6f, 0x72, 0x3a, 0x20, 0x72, 
	0x67, 0x62, 0x28, 0x32, 0x35, 0x35, 0x2c, 0x20, 0x32, 0x35, 
	0x35, 0x2c, 0x20, 0x32, 0x35, 0x35, 0x29, 0x3b, 0x20, 0x74, 
	0x65, 0x78, 0x74, 0x2d, 0x61, 0x6c, 0x69, 0x67, 0x6e, 0x3a, 
	0x20, 0x63, 0x65, 0x6e, 0x74, 0x65, 0x72, 0x3b, 0x22, 0x3e, 
	0xa, 0x20, 0x20, 0x20, 0x20, 0x20, 0x20, 0x20, 0x20, 0x20, 
	0x20, 0x20, 0x20, 0x20, 0x20, 0x20, 0x20, 0x20, 0x20, 0x20, 
	0x20, 0x3c, 0x61, 0x20, 0x68, 0x72, 0x65, 0x66, 0x3d, 0x22, 
	0x2f, 0x63, 0x61, 0x6e, 0x5f, 0x74, 0x72, 0x61, 0x63, 0x65, 
	0x2e, 0x73, 0x68, 0x74, 0x6d, 0x6c, 0x22, 0x3e, 0xa, 0x20, 
	0x20, 0x20, 0x20, 0x20, 0x20, 0x20, 0x20, 0x20, 0x20, 0x20, 
	0x20, 0x20, 0x20, 0x20, 0x20, 0x20, 0x20, 0x20, 0x20, 0x20, 
	0x20, 0x20, 0x20, 0x3c, 0x73, 0x70, 0x61, 0x6e, 0x20, 0x73, 
	0x74, 0x79, 0x6c, 0x65, 0x3d, 0x22, 0x63, 0x6f, 0x6c, 0x6f, 
	0x72, 0x3a, 0x20, 0x72, 0x67, 0x62, 0x28, 0x30, 0x2c, 0x20, 
	0x30, 0x2c, 0x20, 0x30, 0x29, 0x3b, 0x22, 0x3e, 0x43, 0x41, 
	0x4e, 0x20, 0x74, 0x72, 0x61, 0x63, 0x65, 0xa, 0x20, 0x20, 
	0x20, 0x20, 0x20, 0x20, 0x20, 0x20, 0x20, 0x20, 0x20, 0x20, 
	0x20, 0x20, 0x20, 0x20, 0x20, 0x20, 0x20, 0x20, 0x20, 0x20, 
	0x20, 0x20, 0x3c, 0x2f, 0x73, 0x70, 0x61, 0x6e, 0x3e, 0xa, 
	0x20, 0x20, 0x20, 0x20, 0x20, 0x20, 0x20, 0x20, 0x20, 0x20, 
	0x20, 0x20, 0x20, 0x20, 0x20, 0x20, 0x20, 0x20, 0x20, 0x20, 
	0x3c, 0x2f, 0x61, 0x3e, 0xa, 0x20, 0x20, 0x20, 0x20, 0x20, 
	0x20, 0x20, 0x20, 0x20, 0x20, 0x20, 0x20, 0x20, 0x20, 0x20, 
	0x20, 0x3c, 0x2f, 0x74, 0x64, 0x3e, 0xa, 0x20, 0x20, 0x20, 
	0x20, 0x20, 0x20, 0x20, 0x20, 0x20, 0x20, 0x20, 0x20, 0x3c, 
	0x2f, 0x74, 0x72, 0x3e, 0xa, 0x20, 0x20, 0x20, 0x20, 0x20, 
	0x20, 0x20, 0x20, 0x3c, 0x2f, 0x74, 0x62, 0x6f, 0x64, 0x79, 
	0x3e, 0xa, 0x20, 0x20, 0x20, 0x20, 0x3c, 0x2f, 0x74, 0x61, 
	0x62, 0x6c, 0x65, 0x3e, 0xa, 0x20, 0x20, 0x20, 0x20, 0x3c, 
	0x62, 0x72, 0x3e, 0xa, 0x20, 0x20, 0x20, 0x20, 0x54, 0x68, 
	0x65, 0x20, 0x73, 0x6e, 0x69, 0x66, 0x66, 0x65, 0x72, 0x20, 
	0x73, 0x74, 0x6f, 0x72, 0x65, 0x73, 0x20, 0x74, 0x68, 0x65, 
	0x20, 0x43, 0x41, 0x4e, 0x20, 0x6c, 0x6f, 0x67, 0x20, 0x6f, 
	0x6e, 0x20, 0x74, 0x68, 0x65, 0x20, 0x53, 0x44, 0x20, 0x63, 
	0x61, 0x72, 0x64, 0x20, 0x61, 0x6e, 0x64, 0x20, 0x79, 0x6f, 
	0x75, 0x20, 0x63, 0x61, 0x6e, 0x20, 0x72, 0x65, 0x74, 0x72, 
	0x69, 0x65, 0x76, 0x65, 0x20, 0x69, 0x74, 0x20, 0x68, 0x65, 
	0x72, 0x65, 0x3a, 0xa, 0x20, 0x20, 0x20, 0x20, 0x3c, 0x62, 
	0x72, 0x2f, 0x3e, 0xa, 0x20, 0x20, 0x20, 0x20, 0x3c, 0x62, 
	0x72, 0x2f, 0x3e, 0xa, 0x20, 0x20, 0x20, 0x20, 0x3c, 0x62, 
	0x75, 0x74, 0x74, 0x6f, 0x6e, 0x20, 0x69, 0x64, 0x3d, 0x22, 
	0x62, 0x74, 0x6e, 0x22, 0x3e, 0x44, 0x6f, 0x77, 0x6e, 0x6c, 
	0x6f, 0x61, 0x64, 0x20, 0x43, 0x41, 0x4e, 0x20, 0x6c, 0x6f, 
	0x67, 0x3c, 0x2f, 0x62, 0x75, 0x74, 0x74, 0x6f, 0x6e, 0x3e, 
	0xa, 0x20, 0x20, 0x20, 0x20, 0x3c, 0x70, 0x72, 0x65, 0x20, 
	0x69, 0x64, 0x3d, 0x22, 0x6c, 0x6f, 0x67, 0x22, 0x3e, 0x3c, 
	0x2f, 0x70, 0x72, 0x65, 0x3e, 0xa, 0x20, 0x20, 0x20, 0x20, 
	0x3c, 0x62, 0x72, 0x3e, 0xa, 0x20, 0x20, 0x20, 0x20, 0x53, 
	0x65, 0x6c, 0x65, 0x63, 0x74, 0x20, 0x61, 0x20, 0x66, 0x69, 
	0x6c, 0x65, 0x20, 0x79, 0x6f, 0x75, 0x20, 0x64, 0x6f, 0x77, 
	0x6e, 0x6c, 0x6f, 0x61, 0x64, 0x65, 0x64, 0x20, 0x74, 0x6f, 
	0x20, 0x70, 0x61, 0x72, 0x73, 0x65, 0x20, 0x69, 0x74, 0x27, 
	0x73, 0x20, 0x48, 0x45, 0x58, 0x20, 0x63, 0x6f, 0x6e, 0x74, 
	0x65, 0x6e, 0x74, 0x20, 0x61, 0x6e, 0x64, 0x20, 0x64, 0x69, 
	0x73, 0x70, 0x6c, 0x61, 0x79, 0x20, 0x69, 0x74, 0x20, 0x68, 
	0x65, 0x72, 0x65, 0x20, 0x69, 0x6e, 0x20, 0x61, 0x20, 0x74, 
	0x61, 0x62, 0x6c, 0x65, 0x3a, 0xa, 0x20, 0x20, 0x20, 0x20, 
	0x3c, 0x62, 0x72, 0x2f, 0x3e, 0xa, 0x20, 0x20, 0x20, 0x20, 
	0x3c, 0x62, 0x72, 0x2f, 0x3e, 0xa, 0x20, 0x20, 0x20, 0x20, 
	0x3c, 0x69, 0x6e, 0x70, 0x75, 0x74, 0x20, 0x74, 0x79, 0x70, 
	0x65, 0x3d, 0x22, 0x66, 0x69, 0x6c, 0x65, 0x22, 0x20, 0x69, 
	0x64, 0x3d, 0x22, 0x6c, 0x6f, 0x67, 0x66, 0x69, 0x6c, 0x65, 
	0x22, 0x20, 0x61, 0x63, 0x63, 0x65, 0x70, 0x74, 0x3d, 0x22, 
	0x2e, 0x62, 0x69, 0x6e, 0x22, 0x20, 0x2f, 0x3e, 0xa, 0x20, 
	0x20, 0x20, 0x20, 0x3c, 0x74, 0x61, 0x62, 0x6c, 0x65, 0x20, 
	0x69, 0x64, 0x3d, 0x22, 0x6c, 0x6f, 0x67, 0x54, 0x61, 0x62, 
	0x6c, 0x65, 0x22, 0x20, 0x73, 0x74, 0x79, 0x6c, 0x65, 0x3d, 
	0x22, 0x64, 0x69, 0x73, 0x70, 0x6c, 0x61, 0x79, 0x3a, 0x6e, 
	0x6f, 0x6e, 0x65, 0x22, 0x3e, 0xa, 0x20, 0x20, 0x20, 0x20, 
	0x20, 0x20, 0x3c, 0x74, 0x68, 0x65, 0x61, 0x64, 0x3e, 0xa, 
	0x20, 0x20, 0x20, 0x20, 0x20, 0x20, 0x20, 0x20, 0x3c, 0x74, 
	0x72, 0x3e, 0xa, 0x20, 0x20, 0x20, 0x20, 0x20, 0x20, 0x20, 
	0x20, 0x20, 0x20, 0x3c, 0x74, 0x68, 0x3e, 0x23, 0x3c, 0x2f, 
	0x74, 0x68, 0x3e, 0xa, 0x20, 0x20, 0x20, 0x20, 0x20, 0x20, 
	0x20, 0x20, 0x20, 0x20, 0x3c, 0x74, 0x68, 0x3e, 0x54, 0x69, 
	0x6d, 0x65, 0x73, 0x74, 0x61, 0x6d, 0x70, 0x20, 0x5b, 0x75, 
	0x73, 0x5d, 0x3c, 0x2f, 0x74, 0x68, 0x3e, 0xa, 0x20, 0x20, 
	0x20, 0x20, 0x20, 0x20, 0x20, 0x20, 0x20, 0x20, 0x3c, 0x74, 
	0x68, 0x3e, 0x43, 0x41, 0x4e, 0x20, 0x49, 0x44, 0x3c, 0x2f, 
	0x74, 0x68, 0x3e, 0xa, 0x20, 0x20, 0x20, 0x20, 0x20, 0x20, 
	0x20, 0x20, 0x20, 0x20, 0x3c, 0x74, 0x68, 0x3e, 0x44, 0x4c, 
	0x43, 0x3c, 0x2f, 0x74, 0x68, 0x3e, 0xa, 0x20, 0x20, 0x20, 
	0x20, 0x20, 0x20, 0x20, 0x20, 0x20, 0x20, 0x3c, 0x74, 0x68, 
	0x3e, 0x44, 0x61, 0x74, 0x61, 0x3c, 0x2f, 0x74, 0x68, 0x3e, 
	0xa, 0x20, 0x20, 0x20, 0x20, 0x20, 0x20, 0x20, 0x20, 0x3c, 
	0x2f, 0x74, 0x72, 0x3e, 0xa, 0x20, 0x20, 0x20, 0x20, 0x20, 
	0x20, 0x3c, 0x2f, 0x74, 0x68, 0x65, 0x61, 0x64, 0x3e, 0xa, 
	0x20, 0x20, 0x20, 0x20, 0x20, 0x20, 0x3c, 0x74, 0x62, 0x6f, 
	0x64, 0x79, 0x3e, 0x3c, 0x2f, 0x74, 0x62, 0x6f, 0x64, 0x79, 
	0x3e, 0xa, 0x20, 0x20, 0x20, 0x20, 0x3c, 0x2f, 0x74, 0x61, 
	0x62, 0x6c, 0x65, 0x3e, 0xa, 0xa, 0x20, 0x20, 0x20, 0x20, 
	0x3c, 0x73, 0x63, 0x72, 0x69, 0x70, 0x74, 0x20, 0x74, 0x79, 
	0x70, 0x65, 0x3d, 0x22, 0x74, 0x65, 0x78, 0x74, 0x2f, 0x6a, 
	0x61, 0x76, 0x61, 0x73, 0x63, 0x72, 0x69, 0x70, 0x74, 0x22, 
	0x3e, 0xa, 0x20, 0x20, 0x20, 0x20, 0x28, 0x66, 0x75, 0x6e, 
	0x63, 0x74, 0x69, 0x6f, 0x6e, 0x20, 0x28, 0x29, 0x20, 0x7b, 
	0xa, 0x20, 0x20, 0x20, 0x20, 0x20, 0x20, 0x20, 0x20, 0x63, 
	0x6f, 0x6e, 0x73, 0x74, 0x20, 0x62, 0x74, 0x6e, 0x20, 0x20, 
	0x3d, 0x20, 0x64, 0x6f, 0x63, 0x75, 0x6d, 0x65, 0x6e, 0x74, 
	0x2e, 0x67, 0x65, 0x74, 0x45, 0x6c, 0x65, 0x6d, 0x65, 0x6e, 
	0x74, 0x42, 0x79, 0x49, 0x64, 0x28, 0x27, 0x62, 0x74, 0x6e, 
	0x27, 0x29, 0x3b, 0xa, 0x20, 0x20, 0x20, 0x20, 0x20, 0x20, 
	0x20, 0x20, 0x63, 0x6f, 0x6e, 0x73, 0x74, 0x20, 0x6c, 0x6f, 
	0x67, 0x20, 0x20, 0x3d, 0x20, 0x64, 0x6f, 0x63, 0x75, 0x6d, 
	0x65, 0x6e, 0x74, 0x2e, 0x67, 0x65, 0x74, 0x45, 0x6c, 0x65, 
	0x6d, 0x65, 0x6e, 0x74, 0x42, 0x79, 0x49, 0x64, 0x28, 0x27, 
	0x6c, 0x6f, 0x67, 0x27, 0x29, 0x3b, 0xa, 0x20, 0x20, 0x20, 
	0x20, 0x20, 0x20, 0x20, 0x20, 0x63, 0x6f, 0x6e, 0x73, 0x74, 
	0x20, 0x70, 0x72, 0x69, 0x6e, 0x74, 0x20, 0x3d, 0x20, 0x74, 
	0x78, 0x74, 0x20, 0x3d, 0x3e, 0x20, 0x6c, 0x6f, 0x67, 0x2e, 
	0x74, 0x65, 0x78, 0x74, 0x43, 0x6f, 0x6e, 0x74, 0x65, 0x6e, 
	0x74, 0x20, 0x2b, 0x3d, 0x20, 0x74, 0x78, 0x74, 0x20, 0x2b, 
	0x20, 0x27, 0x5c, 0x6e, 0x27, 0x3b, 0xa, 0x20, 0x20, 0x20, 
	0x20, 0x20, 0x20, 0x20, 0x20, 0x63, 0x6f, 0x6e, 0x73, 0x74, 
	0x20, 0x66, 0x65, 0x74, 0x63, 0x68, 0x42, 0x69, 0x6e, 0x20, 
	0x3d, 0x20, 0x61, 0x73, 0x79, 0x6e, 0x63, 0x20, 0x75, 0x72, 
	0x6c, 0x20, 0x3d, 0x3e, 0x20, 0x7b, 0xa, 0x20, 0x20, 0x20, 
	0x20, 0x20, 0x20, 0x20, 0x20, 0x20, 0x20, 0x20, 0x20, 0x63, 
	0x6f, 0x6e, 0x73, 0x74, 0x20, 0x72, 0x20, 0x3d, 0x20, 0x61, 
	0x77, 0x61, 0x69, 0x74, 0x20, 0x66, 0x65, 0x74, 0x63, 0x68, 
	0x28, 0x75, 0x72, 0x6c, 0x29, 0x3b, 0xa, 0x20, 0x20, 0x20, 
	0x20, 0x20, 0x20, 0x20, 0x20, 0x20, 0x20, 0x20, 0x20, 0x69, 
	0x66, 0x20, 0x28, 0x21, 0x72, 0x2e, 0x6f, 0x6b, 0x29, 0x20, 
	0x74, 0x68, 0x72, 0x6f, 0x77, 0x20, 0x6e, 0x65, 0x77, 0x20, 
	0x45, 0x72, 0x72, 0x6f, 0x72, 0x28, 0x75, 0x72, 0x6c, 0x20, 
	0x2b, 0x20, 0x27, 0x20, 0x3a, 0x20, 0x48, 0x54, 0x54, 0x50, 
	0x20, 0x27, 0x20, 0x2b, 0x20, 0x72, 0x2e, 0x73, 0x74, 0x61, 
	0x74, 0x75, 0x73, 0x29, 0x3b, 0xa, 0x20, 0x20, 0x20, 0x20, 
	0x20, 0x20, 0x20, 0x20, 0x20, 0x20, 0x20, 0x20, 0x72, 0x65, 
	0x74, 0x75, 0x72, 0x6e, 0x20, 0x6e, 0x65, 0x77, 0x20, 0x55, 
	0x69, 0x6e, 0x74, 0x38, 0x41, 0x72, 0x72, 0x61, 0x79, 0x28, 
	0x61, 0x77, 0x61, 0x69, 0x74, 0x20, 0x72, 0x2e, 0x61, 0x72, 
	0x72, 0x61, 0x79, 0x42, 0x75, 0x66, 0x66, 0x65, 0x72, 0x28, 
	0x29, 0x29, 0x3b, 0xa, 0x20, 0x20, 0x20, 0x20, 0x20, 0x20, 
	0x20, 0x20, 0x7d, 0x3b, 0xa, 0xa, 0x20, 0x20, 0x20, 0x20, 
	0x20, 0x20, 0x20, 0x20, 0x61, 0x73, 0x79, 0x6e, 0x63, 0x20, 
	0x66, 0x75, 0x6e, 0x63, 0x74, 0x69, 0x6f, 0x6e, 0x20, 0x6c, 
	0x6f, 0x61, 0x64, 0x4d, 0x65, 0x74, 0x61, 0x20, 0x28, 0x29, 
	0x20, 0x7b, 0xa, 0x20, 0x20, 0x20, 0x20, 0x20, 0x20, 0x20, 
	0x20, 0x20, 0x20, 0x20, 0x20, 0x63, 0x6f, 0x6e, 0x73, 0x74, 
	0x20, 0x72, 0x20, 0x3d, 0x20, 0x61, 0x77, 0x61, 0x69, 0x74, 
	0x20, 0x66, 0x65, 0x74, 0x63, 0x68, 0x28, 0x27, 0x2f, 0x6c, 
	0x6f, 0x67, 0x73, 0x2f, 0x6d, 0x65, 0x74, 0x61, 0x27, 0x29, 
	0x3b, 0xa, 0x20, 0x20, 0x20, 0x20, 0x20, 0x20, 0x20, 0x20, 
	0x20, 0x20, 0x20, 0x20, 0x69, 0x66, 0x20, 0x28, 0x21, 0x72, 
	0x2e, 0x6f, 0x6b, 0x29, 0x20, 0x74, 0x68, 0x72, 0x6f, 0x77, 
	0x20, 0x6e, 0x65, 0x77, 0x20, 0x45, 0x72, 0x72, 0x6f, 0x72, 
	0x28, 0x27, 0x6e, 0x6f, 0x20, 0x2f, 0x6c, 0x6f, 0x67, 0x73, 
	0x2f, 0x6d, 0x65, 0x74, 0x61, 0x27, 0x29, 0x3b, 0xa, 0x20, 
	0x20, 0x20, 0x20, 0x20, 0x20, 0x20, 0x20, 0x20, 0x20, 0x20, 
	0x20, 0x72, 0x65, 0x74, 0x75, 0x72, 0x6e, 0x20, 0x61, 0x77, 
	0x61, 0x69, 0x74, 0x20, 0x72, 0x2e, 0x6a, 0x73, 0x6f, 0x6e, 
	0x28, 0x29, 0x3b, 0x20, 0x20, 0x20, 0x20, 0x20, 0x20, 0x20, 
	0x20, 0x2f, 0x2f, 0x20, 0x7b, 0x68, 0x65, 0x61, 0x64, 0x20, 
	0x6e, 0x65, 0x77, 0x65, 0x73, 0x74, 0x2c, 0x20, 0x74, 0x61, 
	0x69, 0x6c, 0x20, 0x6f, 0x6c, 0x64, 0x65, 0x73, 0x74, 0x2c, 
	0x20, 0x63, 0x61, 0x70, 0x61, 0x63, 0x69, 0x74, 0x79, 0x7d, 
	0xa, 0x20, 0x20, 0x20, 0x20, 0x20, 0x20, 0x20, 0x20, 0x7d, 
	0xa, 0xa, 0x20, 0x20, 0x20, 0x20, 0x20, 0x20, 0x20, 0x20, 
	0x62, 0x74, 0x6e, 0x2e, 0x6f, 0x6e, 0x63, 0x6c, 0x69, 0x63, 
	0x6b, 0x20, 0x3d, 0x20, 0x61, 0x73, 0x79, 0x6e, 0x63, 0x20, 
	0x28, 0x29, 0x20, 0x3d, 0x3e, 0x20, 0x7b, 0xa, 0x20, 0x20, 
	0x20, 0x20, 0x20, 0x20, 0x20, 0x20, 0x20, 0x20, 0x20, 0x20, 
	0x62, 0x74, 0x6e, 0x2e, 0x64, 0x69, 0x73, 0x61, 0x62, 0x6c, 
	0x65, 0x64, 0x20, 0x3d, 0x20, 0x74, 0x72, 0x75, 0x65, 0x3b, 
	0xa, 0x20, 0x20, 0x20, 0x20, 0x20, 0x20, 0x20, 0x20, 0x20, 
	0x20, 0x20, 0x20, 0x6c, 0x6f, 0x67, 0x2e, 0x74, 0x65, 0x78, 
	0x74, 0x43, 0x6f, 0x6e, 0x74, 0x65, 0x6e, 0x74, 0x20, 0x3d, 
	0x20, 0x27, 0x27, 0x3b, 0xa, 0xa, 0x20, 0x20, 0x20, 0x20, 
	0x20, 0x20, 0x20, 0x20, 0x20, 0x20, 0x20, 0x20, 0x74, 0x72, 
	0x79, 0x20, 0x7b, 0xa, 0x20, 0x20, 0x20, 0x20, 0x20, 0x20, 
	0x20, 0x20, 0x20, 0x20, 0x20, 0x20, 0x20, 0x20, 0x20, 0x20, 
	0x63, 0x6f, 0x6e, 0x73, 0x74, 0x20, 0x7b, 0x68, 0x65, 0x61, 
	0x64, 0x2c, 0x20, 0x74, 0x61, 0x69, 0x6c, 0x2c, 0x20, 0x63, 
	0x61, 0x70, 0x61, 0x63, 0x69, 0x74, 0x79, 0x7d, 0x20, 0x3d, 
	0x20, 0x61, 0x77, 0x61, 0x69, 0x74, 0x20, 0x6c, 0x6f, 0x61, 
	0x64, 0x4d, 0x65, 0x74, 0x61, 0x28, 0x29, 0x3b, 0xa, 0x20, 
	0x20, 0x20, 0x20, 0x20, 0x20, 0x20, 0x20, 0x20, 0x20, 0x20, 
	0x20, 0x20, 0x20, 0x20, 0x20, 0x70, 0x72, 0x69, 0x6e, 0x74, 
	0x28, 0x60, 0x2a, 0x20, 0x68, 0x65, 0x61, 0x64, 0x28, 0x6e, 
	0x65, 0x77, 0x65, 0x73, 0x74, 0x29, 0x3d, 0x24, 0x7b, 0x68, 
	0x65, 0x61, 0x64, 0x7d, 0x20, 0x20, 0x74, 0x61, 0x69, 0x6c, 
	0x28, 0x6f, 0x6c, 0x64, 0x65, 0x73, 0x74, 0x29, 0x3d, 0x24, 
	0x7b, 0x74, 0x61, 0x69, 0x6c, 0x7d, 0x20, 0x20, 0x63, 0x61, 
	0x70, 0x61, 0x63, 0x69, 0x74, 0x79, 0x3d, 0x24, 0x7b, 0x63, 
	0x61, 0x70, 0x61, 0x63, 0x69, 0x74, 0x79, 0x7d, 0x60, 0x29, 
	0x3b, 0xa, 0xa, 0x20, 0x20, 0x20, 0x20, 0x20, 0x20, 0x20, 
	0x20, 0x20, 0x20, 0x20, 0x20, 0x20, 0x20, 0x20, 0x20, 0x63, 
	0x6f, 0x6e, 0x73, 0x74, 0x20, 0x69, 0x64, 0x78, 0x4c, 0x69, 
	0x73, 0x74, 0x20, 0x3d, 0x20, 0x5b, 0x5d, 0x3b, 0xa, 0x20, 
	0x20, 0x20, 0x20, 0x20, 0x20, 0x20, 0x20, 0x20, 0x20, 0x20, 
	0x20, 0x20, 0x20, 0x20, 0x20, 0x66, 0x6f, 0x72, 0x20, 0x28, 
	0x6c, 0x65, 0x74, 0x20, 0x69, 0x20, 0x3d, 0x20, 0x74, 0x61, 
	0x69, 0x6c, 0x3b, 0x20, 0x69, 0x20, 0x21, 0x3d, 0x3d, 0x20, 
	0x68, 0x65, 0x61, 0x64, 0x3b, 0x20, 0x69, 0x20, 0x3d, 0x20, 
	0x28, 0x69, 0x20, 0x2b, 0x20, 0x31, 0x29, 0x20, 0x25, 0x20, 
	0x63, 0x61, 0x70, 0x61, 0x63, 0x69, 0x74, 0x79, 0x29, 0xa, 
	0x20, 0x20, 0x20, 0x20, 0x20, 0x20, 0x20, 0x20, 0x20, 0x20, 
	0x20, 0x20, 0x20, 0x20, 0x20, 0x20, 0x20, 0x20, 0x20, 0x20, 
	0x69, 0x64, 0x78, 0x4c, 0x69, 0x73, 0x74, 0x2e, 0x70, 0x75, 
	0x73, 0x68, 0x28, 0x69, 0x29, 0x3b, 0xa, 0xa, 0x20, 0x20, 
	0x20, 0x20, 0x20, 0x20, 0x20, 0x20, 0x20, 0x20, 0x20, 0x20, 
	0x20, 0x20, 0x20, 0x20, 0x63, 0x6f, 0x6e, 0x73, 0x74, 0x20, 
	0x74, 0x6f, 0x74, 0x61, 0x6c, 0x46, 0x69, 0x6c, 0x65, 0x73, 
	0x20, 0x3d, 0x20, 0x69, 0x64, 0x78, 0x4c, 0x69, 0x73, 0x74, 
	0x2e, 0x6c, 0x65, 0x6e, 0x67, 0x74, 0x68, 0x3b, 0xa, 0x20, 
	0x20, 0x20, 0x20, 0x20, 0x20, 0x20, 0x20, 0x20, 0x20, 0x20, 
	0x20, 0x20, 0x20, 0x20, 0x20, 0x6c, 0x65, 0x74, 0x20, 0x74, 
	0x6f, 0x74, 0x61, 0x6c, 0x20, 0x3d, 0x20, 0x30, 0x3b, 0xa, 
	0x20, 0x20, 0x20, 0x20, 0x20, 0x20, 0x20, 0x20, 0x20, 0x20, 
	0x20, 0x20, 0x20, 0x20, 0x20, 0x20, 0x63, 0x6f, 0x6e, 0x73, 
	0x74, 0x20, 0x70, 0x61, 0x72, 0x74, 0x73, 0x20, 0x3d, 0x20, 
	0x5b, 0x5d, 0x3b, 0xa, 0xa, 0x20, 0x20, 0x20, 0x20, 0x20, 
	0x20, 0x20, 0x20, 0x20, 0x20, 0x20, 0x20, 0x20, 0x20, 0x20, 
	0x20, 0x66, 0x6f, 0x72, 0x20, 0x28, 0x6c, 0x65, 0x74, 0x20, 
	0x64, 0x6f, 0x6e, 0x65, 0x20, 0x3d, 0x20, 0x30, 0x3b, 0x20, 
	0x64, 0x6f, 0x6e, 0x65, 0x20, 0x3c, 0x20, 0x74, 0x6f, 0x74, 
	0x61, 0x6c, 0x46, 0x69, 0x6c, 0x65, 0x73, 0x3b, 0x20, 0x64, 
	0x6f, 0x6e, 0x65, 0x2b, 0x2b, 0x29, 0x20, 0x7b, 0xa, 0x20, 
	0x20, 0x20, 0x20, 0x20, 0x20, 0x20, 0x20, 0x20, 0x20, 0x20, 
	0x20, 0x20, 0x20, 0x20, 0x20, 0x20, 0x20, 0x20, 0x20, 0x63, 
	0x6f, 0x6e, 0x73, 0x74, 0x20, 0x69, 0x20, 0x3d, 0x20, 0x69, 
	0x64, 0x78, 0x4c, 0x69, 0x73, 0x74, 0x5b, 0x64, 0x6f, 0x6e, 
	0x65, 0x5d, 0x3b, 0xa, 0x20, 0x20, 0x20, 0x20, 0x20, 0x20, 
	0x20, 0x20, 0x20, 0x20, 0x20, 0x20, 0x20, 0x20, 0x20, 0x20, 
	0x20, 0x20, 0x20, 0x20, 0x63, 0x6f, 0x6e, 0x73, 0x74, 0x20, 
	0x75, 0x72, 0x6c, 0x20, 0x3d, 0x20, 0x60, 0x2f, 0x6c, 0x6f, 
	0x67, 0x73, 0x2f, 0x43, 0x41, 0x4e, 0x2e, 0x4c, 0x4f, 0x47, 
	0x24, 0x7b, 0x69, 0x7d, 0x60, 0x3b, 0xa, 0xa, 0x20, 0x20, 
	0x20, 0x20, 0x20, 0x20, 0x20, 0x20, 0x20, 0x20, 0x20, 0x20, 
	0x20, 0x20, 0x20, 0x20, 0x20, 0x20, 0x20, 0x20, 0x74, 0x72, 
	0x79, 0x20, 0x7b, 0xa, 0x20, 0x20, 0x20, 0x20, 0x20, 0x20, 
	0x20, 0x20, 0x20, 0x20, 0x20, 0x20, 0x20, 0x20, 0x20, 0x20, 
	0x20, 0x20, 0x20, 0x20, 0x20, 0x20, 0x20, 0x20, 0x63, 0x6f, 
	0x6e, 0x73, 0x74, 0x20, 0x64, 0x61, 0x74, 0x61, 0x20, 0x3d, 
	0x20, 0x61, 0x77, 0x61, 0x69, 0x74, 0x20, 0x66, 0x65, 0x74, 
	0x63, 0x68, 0x42, 0x69, 0x6e, 0x28, 0x75, 0x72, 0x6c, 0x29, 
	0x3b, 0xa, 0x20, 0x20, 0x20, 0x20, 0x20, 0x20, 0x20, 0x20, 
	0x20, 0x20, 0x20, 0x20, 0x20, 0x20, 0x20, 0x20, 0x20, 0x20, 
	0x20, 0x20, 0x20, 0x20, 0x20, 0x20, 0x70, 0x61, 0x72, 0x74, 
	0x73, 0x2e, 0x70, 0x75, 0x73, 0x68, 0x28, 0x64, 0x61, 0x74, 
	0x61, 0x29, 0x3b, 0xa, 0x20, 0x20, 0x20, 0x20, 0x20, 0x20, 
	0x20, 0x20, 0x20, 0x20, 0x20, 0x20, 0x20, 0x20, 0x20, 0x20, 
	0x20, 0x20, 0x20, 0x20, 0x20, 0x20, 0x20, 0x20, 0x74, 0x6f, 
	0x74, 0x61, 0x6c, 0x20, 0x2b, 0x3d, 0x20, 0x64, 0x61, 0x74, 
	0x61, 0x2e, 0x6c, 0x65, 0x6e, 0x67, 0x74, 0x68, 0x3b, 0xa, 
	0x20, 0x20, 0x20, 0x20, 0x20, 0x20, 0x20, 0x20, 0x20, 0x20, 
	0x20, 0x20, 0x20, 0x20, 0x20, 0x20, 0x20, 0x20, 0x20, 0x20, 
	0x7d, 0x20, 0x63, 0x61, 0x74, 0x63, 0x68, 0x20, 0x28, 0x65, 
	0x29, 0x20, 0x7b, 0xa, 0x20, 0x20, 0x20, 0x20, 0x20, 0x20, 
	0x20, 0x20, 0x20, 0x20, 0x20, 0x20, 0x20, 0x20, 0x20, 0x20, 
	0x20, 0x20, 0x20, 0x20, 0x20, 0x20, 0x20, 0x20, 0x70, 0x72, 
	0x69, 0x6e, 0x74, 0x28, 0x60, 0x21, 0x20, 0x45, 0x72, 0x72, 
	0x6f, 0x72, 0x20, 0x72, 0x65, 0x61, 0x64, 0x69, 0x6e, 0x67, 
	0x20, 0x24, 0x7b, 0x75, 0x72, 0x6c, 0x7d, 0x3a, 0x20, 0x24, 
	0x7b, 0x65, 0x2e, 0x6d, 0x65, 0x73, 0x73, 0x61, 0x67, 0x65, 
	0x7d, 0x60, 0x29, 0x3b, 0xa, 0x20, 0x20, 0x20, 0x20, 0x20, 
	0x20, 0x20, 0x20, 0x20, 0x20, 0x20, 0x20, 0x20, 0x20, 0x20, 
	0x20, 0x20, 0x20, 0x20, 0x20, 0x7d, 0xa, 0xa, 0x20, 0x20, 
	0x20, 0x20, 0x20, 0x20, 0x20, 0x20, 0x20, 0x20, 0x20, 0x20, 
	0x20, 0x20, 0x20, 0x20, 0x20, 0x20, 0x20, 0x20, 0x63, 0x6f, 
	0x6e, 0x73, 0x74, 0x20, 0x70, 0x72, 0x6f, 0x67, 0x72, 0x65, 
	0x73, 0x73, 0x20, 0x3d, 0x20, 0x4d, 0x61, 0x74, 0x68, 0x2e, 
	0x72, 0x6f, 0x75, 0x6e, 0x64, 0x28, 0x28, 0x28, 0x64, 0x6f, 
	0x6e, 0x65, 0x20, 0x2b, 0x20, 0x31, 0x29, 0x20, 0x2f, 0x20, 
	0x74, 0x6f, 0x74, 0x61, 0x6c, 0x46, 0x69, 0x6c, 0x65, 0x73, 
	0x29, 0x20, 0x2a, 0x20, 0x32, 0x30, 0x29, 0x3b, 0xa, 0x20, 
	0x20, 0x20, 0x20, 0x20, 0x20, 0x20, 0x20, 0x20, 0x20, 0x20, 
	0x20, 0x20, 0x20, 0x20, 0x20, 0x20, 0x20, 0x20, 0x20, 0x63, 
	0x6f, 0x6e, 0x73, 0x74, 0x20, 0x62, 0x61, 0x72, 0x20, 0x3d, 
	0x20, 0x27, 0x5b, 0x27, 0x20, 0x2b, 0x20, 0x27, 0x3d, 0x27, 
	0x2e, 0x72, 0x65, 0x70, 0x65, 0x61, 0x74, 0x28, 0x70, 0x72, 
	0x6f, 0x67, 0x72, 0x65, 0x73, 0x73, 0x29, 0x20, 0x2b, 0x20, 
	0x27, 0x20, 0x27, 0x2e, 0x72, 0x65, 0x70, 0x65, 0x61, 0x74, 
	0x28, 0x32, 0x30, 0x20, 0x2d, 0x20, 0x70, 0x72, 0x6f, 0x67, 
	0x72, 0x65, 0x73, 0x73, 0x29, 0x20, 0x2b, 0x20, 0x27, 0x5d, 
	0x27, 0x3b, 0xa, 0x20, 0x20, 0x20, 0x20, 0x20, 0x20, 0x20, 
	0x20, 0x20, 0x20, 0x20, 0x20, 0x20, 0x20, 0x20, 0x20, 0x20, 
	0x20, 0x20, 0x20, 0x6c, 0x6f, 0x67, 0x2e, 0x74, 0x65, 0x78, 
	0x74, 0x43, 0x6f, 0x6e, 0x74, 0x65, 0x6e, 0x74, 0x20, 0x3d, 
	0x20, 0x62, 0x61, 0x72, 0x20, 0x2b, 0x20, 0x27, 0x5c, 0x6e, 
	0x27, 0x3b, 0xa, 0x20, 0x20, 0x20, 0x20, 0x20, 0x20, 0x20, 
	0x20, 0x20, 0x20, 0x20, 0x20, 0x20, 0x20, 0x20, 0x20, 0x7d, 
	0xa, 0xa, 0x20, 0x20, 0x20, 0x20, 0x20, 0x20, 0x20, 0x20, 
	0x20, 0x20, 0x20, 0x20, 0x20, 0x20, 0x20, 0x20, 0x63, 0x6f, 
	0x6e, 0x73, 0x74, 0x20, 0x6a, 0x6f, 0x69, 0x6e, 0x65, 0x64, 
	0x20, 0x3d, 0x20, 0x6e, 0x65, 0x77, 0x20, 0x55, 0x69, 0x6e, 
	0x74, 0x38, 0x41, 0x72, 0x72, 0x61, 0x79, 0x28, 0x74, 0x6f, 
	0x74, 0x61, 0x6c, 0x29, 0x3b, 0xa, 0x20, 0x20, 0x20, 0x20, 
	0x20, 0x20, 0x20, 0x20, 0x20, 0x20, 0x20, 0x20, 0x20, 0x20, 
	0x20, 0x20, 0x6c, 0x65, 0x74, 0x20, 0x6f, 0x66, 0x66, 0x20, 
	0x3d, 0x20, 0x30, 0x3b, 0xa, 0x20, 0x20, 0x20, 0x20, 0x20, 
	0x20, 0x20, 0x20, 0x20, 0x20, 0x20, 0x20, 0x20, 0x20, 0x20, 
	0x20, 0x66, 0x6f, 0x72, 0x20, 0x28, 0x63, 0x6f, 0x6e, 0x73, 
	0x74, 0x20, 0x70, 0x20, 0x6f, 0x66, 0x20, 0x70, 0x61, 0x72, 
	0x74, 0x73, 0x29, 0x20, 0x7b, 0x20, 0x6a, 0x6f, 0x69, 0x6e, 
	0x65, 0x64, 0x2e, 0x73, 0x65, 0x74, 0x28, 0x70, 0x2c, 0x20, 
	0x6f, 0x66, 0x66, 0x29, 0x3b, 0x20, 0x6f, 0x66, 0x66, 0x20, 
	0x2b, 0x3d, 0x20, 0x70, 0x2e, 0x6c, 0x65, 0x6e, 0x67, 0x74, 
	0x68, 0x3b, 0x20, 0x7d, 0xa, 0xa, 0x20, 0x20, 0x20, 0x20, 
	0x20, 0x20, 0x20, 0x20, 0x20, 0x20, 0x20, 0x20, 0x20, 0x20, 
	0x20, 0x20, 0x63, 0x6f, 0x6e, 0x73, 0x74, 0x20, 0x62, 0x6c, 
	0x6f, 0x62, 0x20, 0x3d, 0x20, 0x6e, 0x65, 0x77, 0x20, 0x42, 
	0x6c, 0x6f, 0x62, 0x28, 0x5b, 0x6a, 0x6f, 0x69, 0x6e, 0x65, 
	0x64, 0x5d, 0x2c, 0x20, 0x7b, 0x74, 0x79, 0x70, 0x65, 0x3a, 
	0x27, 0x61, 0x70, 0x70, 0x6c, 0x69, 0x63, 0x61, 0x74, 0x69, 
	0x6f, 0x6e, 0x2f, 0x6f, 0x63, 0x74, 0x65, 0x74, 0x2d, 0x73, 
	0x74, 0x72, 0x65, 0x61, 0x6d, 0x27, 0x7d, 0x29, 0x3b, 0xa, 
	0x20, 0x20, 0x20, 0x20, 0x20, 0x20, 0x20, 0x20, 0x20, 0x20, 
	0x20, 0x20, 0x20, 0x20, 0x20, 0x20, 0x63, 0x6f, 0x6e, 0x73, 
	0x74, 0x20, 0x68, 0x72, 0x65, 0x66, 0x20, 0x3d, 0x20, 0x55, 
	0x52, 0x4c, 0x2e, 0x63, 0x72, 0x65, 0x61, 0x74, 0x65, 0x4f, 
	0x62, 0x6a, 0x65, 0x63, 0x74, 0x55, 0x52, 0x4c, 0x28, 0x62, 
	0x6c, 0x6f, 0x62, 0x29, 0x3b, 0xa, 0x20, 0x20, 0x20, 0x20, 
	0x20, 0x20, 0x20, 0x20, 0x20, 0x20, 0x20, 0x20, 0x20, 0x20, 
	0x20, 0x20, 0x63, 0x6f, 0x6e, 0x73, 0x74, 0x20, 0x61, 0x20, 
	0x3d, 0x20, 0x64, 0x6f, 0x63, 0x75, 0x6d, 0x65, 0x6e, 0x74, 
	0x2e, 0x63, 0x72, 0x65, 0x61, 0x74, 0x65, 0x45, 0x6c, 0x65, 
	0x6d, 0x65, 0x6e, 0x74, 0x28, 0x27, 0x61, 0x27, 0x29, 0x3b, 
	0xa, 0x20, 0x20, 0x20, 0x20, 0x20, 0x20, 0x20, 0x20, 0x20, 
	0x20, 0x20, 0x20, 0x20, 0x20, 0x20, 0x20, 0x61, 0x2e, 0x68, 
	0x72, 0x65, 0x66, 0x20, 0x3d, 0x20, 0x68, 0x72, 0x65, 0x66, 
	0x3b, 0x20, 0x61, 0x2e, 0x64, 0x6f, 0x77, 0x6e, 0x6c, 0x6f, 
	0x61, 0x64, 0x20, 0x3d, 0x20, 0x27, 0x43, 0x41, 0x4e, 0x2d, 
	0x54, 0x52, 0x41, 0x43, 0x45, 0x2e, 0x42, 0x49, 0x4e, 0x27, 
	0x3b, 0x20, 0x61, 0x2e, 0x63, 0x6c, 0x69, 0x63, 0x6b, 0x28, 
	0x29, 0x3b, 0xa, 0x20, 0x20, 0x20, 0x20, 0x20, 0x20, 0x20, 
	0x20, 0x20, 0x20, 0x20, 0x20, 0x20, 0x20, 0x20, 0x20, 0x73, 
	0x65, 0x74, 0x54, 0x69, 0x6d, 0x65, 0x6f, 0x75, 0x74, 0x28, 
	0x28, 0x29, 0x3d, 0x3e, 0x55, 0x52, 0x4c, 0x2e, 0x72, 0x65, 
	0x76, 0x6f, 0x6b, 0x65, 0x4f, 0x62, 0x6a, 0x65, 0x63, 0x74, 
	0x55, 0x52, 0x4c, 0x28, 0x68, 0x72, 0x65, 0x66, 0x29, 0x2c, 
	0x20, 0x31, 0x30, 0x30, 0x30, 0x29, 0x3b, 0xa, 0xa, 0x20, 
	0x20, 0x20, 0x20, 0x20, 0x20, 0x20, 0x20, 0x20, 0x20, 0x20, 
	0x20, 0x20, 0x20, 0x20, 0x20, 0x70, 0x72, 0x69, 0x6e, 0x74, 
	0x28, 0x27, 0x2a, 0x20, 0x66, 0x69, 0x6e, 0x69, 0x73, 0x68, 
	0x65, 0x64, 0x20, 0x2d, 0x20, 0x66, 0x69, 0x6c, 0x65, 0x20, 
	0x72, 0x65, 0x61, 0x64, 0x79, 0x27, 0x29, 0x3b, 0xa, 0x20, 
	0x20, 0x20, 0x20, 0x20, 0x20, 0x20, 0x20, 0x20, 0x20, 0x20, 
	0x20, 0x7d, 0x20, 0x63, 0x61, 0x74, 0x63, 0x68, 0x20, 0x28, 
	0x65, 0x29, 0x20, 0x7b, 0xa, 0x20, 0x20, 0x20, 0x20, 0x20, 
	0x20, 0x20, 0x20, 0x20, 0x20, 0x20, 0x20, 0x20, 0x20, 0x20, 
	0x20, 0x70, 0x72, 0x69, 0x6e, 0x74, 0x28, 0x27, 0x21, 0x20, 
	0x27, 0x20, 0x2b, 0x20, 0x65, 0x2e, 0x6d, 0x65, 0x73, 0x73, 
	0x61, 0x67, 0x65, 0x29, 0x3b, 0xa, 0x20, 0x20, 0x20, 0x20, 
	0x20, 0x20, 0x20, 0x20, 0x20, 0x20, 0x20, 0x20, 0x7d, 0xa, 
	0xa, 0x20, 0x20, 0x20, 0x20, 0x20, 0x20, 0x20, 0x20, 0x20, 
	0x20, 0x20, 0x20, 0x62, 0x74, 0x6e, 0x2e, 0x64, 0x69, 0x73, 
	0x61, 0x62, 0x6c, 0x65, 0x64, 0x20, 0x3d, 0x20, 0x66, 0x61, 
	0x6c, 0x73, 0x65, 0x3b, 0xa, 0x20, 0x20, 0x20, 0x20, 0x20, 
	0x20, 0x20, 0x20, 0x7d, 0x3b, 0xa, 0x20, 0x20, 0x20, 0x20, 
	0x7d, 0x29, 0x28, 0x29, 0x3b, 0xa, 0xa, 0xa, 0x20, 0x20, 
	0x20, 0x20, 0x66, 0x75, 0x6e, 0x63, 0x74, 0x69, 0x6f, 0x6e, 
	0x20, 0x70, 0x61, 0x72, 0x73, 0x65, 0x43, 0x61, 0x6e, 0x4c, 
	0x6f, 0x67, 0x28, 0x61, 0x72, 0x72, 0x61, 0x79, 0x42, 0x75, 
	0x66, 0x66, 0x65, 0x72, 0x29, 0x20, 0x7b, 0xa, 0x20, 0x20, 
	0x20, 0x20, 0x20, 0x20, 0x63, 0x6f, 0x6e, 0x73, 0x74, 0x20, 
	0x76, 0x69, 0x65, 0x77, 0x20, 0x3d, 0x20, 0x6e, 0x65, 0x77, 
	0x20, 0x44, 0x61, 0x74, 0x61, 0x56, 0x69, 0x65, 0x77, 0x28, 
	0x61, 0x72, 0x72, 0x61, 0x79, 0x42, 0x75, 0x66, 0x66, 0x65, 
	0x72, 0x29, 0x3b, 0xa, 0x20, 0x20, 0x20, 0x20, 0x20, 0x20, 
	0x63, 0x6f, 0x6e, 0x73, 0x74, 0x20, 0x65, 0x6e, 0x74, 0x72, 
	0x69, 0x65, 0x73, 0x20, 0x3d, 0x20, 0x5b, 0x5d, 0x3b, 0xa, 
	0x20, 0x20, 0x20, 0x20, 0x20, 0x20, 0x6c, 0x65, 0x74, 0x20, 
	0x6f, 0x66, 0x66, 0x73, 0x65, 0x74, 0x20, 0x3d, 0x20, 0x30, 
	0x3b, 0xa, 0xa, 0x20, 0x20, 0x20, 0x20, 0x20, 0x20, 0x77, 
	0x68, 0x69, 0x6c, 0x65, 0x20, 0x28, 0x6f, 0x66, 0x66, 0x73, 
	0x65, 0x74, 0x20, 0x2b, 0x20, 0x38, 0x20, 0x3c, 0x3d, 0x20, 
	0x61, 0x72, 0x72, 0x61, 0x79, 0x42, 0x75, 0x66, 0x66, 0x65, 
	0x72, 0x2e, 0x62, 0x79, 0x74, 0x65, 0x4c, 0x65, 0x6e, 0x67, 
	0x74, 0x68, 0x29, 0x20, 0x7b, 0xa, 0x20, 0x20, 0x20, 0x20, 
	0x20, 0x20, 0x20, 0x20, 0x2f, 0x2f, 0x20, 0x2d, 0x2d, 0x2d, 
	0x20, 0x50, 0x61, 0x72, 0x73, 0x65, 0x20, 0x62, 0x6c, 0x6f, 
	0x63, 0x6b, 0x20, 0x68, 0x65, 0x61, 0x64, 0x65, 0x72, 0x20, 
	0x2d, 0x2d, 0x2d, 0xa, 0x20, 0x20, 0x20, 0x20, 0x20, 0x20, 
	0x20, 0x20, 0x63, 0x6f, 0x6e, 0x73, 0x74, 0x20, 0x76, 0x65, 
	0x72, 0x73, 0x69, 0x6f, 0x6e, 0x20, 0x3d, 0x20, 0x76, 0x69, 
	0x65, 0x77, 0x2e, 0x67, 0x65, 0x74, 0x55, 0x69, 0x6e, 0x74, 
	0x38, 0x28, 0x6f, 0x66, 0x66, 0x73, 0x65, 0x74, 0x29, 0x3b, 
	0xa, 0x20, 0x20, 0x20, 0x20, 0x20, 0x20, 0x20, 0x20, 0x63, 
	0x6f, 0x6e, 0x73, 0x74, 0x20, 0x68, 0x65, 0x61, 0x64, 0x65, 
	0x72, 0x53, 0x69, 0x7a, 0x65, 0x20, 0x3d, 0x20, 0x76, 0x69, 
	0x65, 0x77, 0x2e, 0x67, 0x65, 0x74, 0x55, 0x69, 0x6e, 0x74, 
	0x38, 0x28, 0x6f, 0x66, 0x66, 0x73, 0x65, 0x74, 0x20, 0x2b, 
	0x20, 0x31, 0x29, 0x3b, 0xa, 0x20, 0x20, 0x20, 0x20, 0x20, 
	0x20, 0x20, 0x20, 0x63, 0x6f, 0x6e, 0x73, 0x74, 0x20, 0x62, 
	0x6c, 0x6f, 0x63, 0x6b, 0x53, 0x69, 0x7a, 0x65, 0x20, 0x3d, 
	0x20, 0x76, 0x69, 0x65, 0x77, 0x2e, 0x67, 0x65, 0x74, 0x55, 
	0x69, 0x6e, 0x74, 0x31, 0x36, 0x28, 0x6f, 0x66, 0x66, 0x73, 
	0x65, 0x74, 0x20, 0x2b, 0x20, 0x32, 0x2c, 0x20, 0x74, 0x72, 
	0x75, 0x65, 0x29, 0x3b, 0xa, 0x20, 0x20, 0x20, 0x20, 0x20, 
	0x20, 0x20, 0x20, 0x63, 0x6f, 0x6e, 0x73, 0x74, 0x20, 0x62, 
	0x6c, 0x6f, 0x63, 0x6b, 0x46, 0x69, 0x6c, 0x6c, 0x20, 0x3d, 
	0x20, 0x76, 0x69, 0x65, 0x77, 0x2e, 0x67, 0x65, 0x74, 0x55, 
	0x69, 0x6e, 0x74, 0x31, 0x36, 0x28, 0x6f, 0x66, 0x66, 0x73, 
	0x65, 0x74, 0x20, 0x2b, 0x20, 0x34, 0x2c, 0x20, 0x74, 0x72, 
	0x75, 0x65, 0x29, 0x3b, 0xa, 0xa, 0x20, 0x20, 0x20, 0x20, 
	0x20, 0x20, 0x20, 0x20, 0x2f, 0x2f, 0x20, 0x53, 0x61, 0x66, 
	0x65, 0x74, 0x79, 0x20, 0x63, 0x68, 0x65, 0x63, 0x6b, 0x73, 
	0xa, 0x20, 0x20, 0x20, 0x20, 0x20, 0x20, 0x20, 0x20, 0x69, 
	0x66, 0x20, 0x28, 0x62, 0x6c, 0x6f, 0x63, 0x6b, 0x53, 0x69, 
	0x7a, 0x65, 0x20, 0x3d, 0x3d, 0x3d, 0x20, 0x30, 0x20, 0x7c, 
	0x7c, 0x20, 0x62, 0x6c, 0x6f, 0x63, 0x6b, 0x46, 0x69, 0x6c, 
	0x6c, 0x20, 0x3e, 0x20, 0x62, 0x6c, 0x6f, 0x63, 0x6b, 0x53, 
	0x69, 0x7a, 0x65, 0x20, 0x7c, 0x7c, 0x20, 0x6f, 0x66, 0x66, 
	0x73, 0x65, 0x74, 0x20, 0x2b, 0x20, 0x62, 0x6c, 0x6f, 0x63, 
	0x6b, 0x53, 0x69, 0x7a, 0x65, 0x20, 0x3e, 0x20, 0x61, 0x72, 
	0x72, 0x61, 0x79, 0x42, 0x75, 0x66, 0x66, 0x65, 0x72, 0x2e, 
	0x62, 0x79, 0x74, 0x65, 0x4c, 0x65, 0x6e, 0x67, 0x74, 0x68, 
	0x29, 0x20, 0x7b, 0xa, 0x20, 0x20, 0x20, 0x20, 0x20, 0x20, 
	0x20, 0x20, 0x20, 0x20, 0x63, 0x6f, 0x6e, 0x73, 0x6f, 0x6c, 
	0x65, 0x2e, 0x77, 0x61, 0x72, 0x6e, 0x28, 0x22, 0x49, 0x6e, 
	0x76, 0x61, 0x6c, 0x69, 0x64, 0x20, 0x6f, 0x72, 0x20, 0x69, 
	0x6e, 0x63, 0x6f, 0x6d, 0x70, 0x6c, 0x65, 0x74, 0x65, 0x20, 
	0x62, 0x6c, 0x6f, 0x63, 0x6b, 0x20, 0x68, 0x65, 0x61, 0x64, 
	0x65, 0x72, 0x20, 0x61, 0x74, 0x20, 0x6f, 0x66, 0x66, 0x73, 
	0x65, 0x74, 0x22, 0x2c, 0x20, 0x6f, 0x66, 0x66, 0x73, 0x65, 
	0x74, 0x29, 0x3b, 0xa, 0x20, 0x20, 0x20, 0x20, 0x20, 0x20, 
	0x20, 0x20, 0x20, 0x20, 0x62, 0x72, 0x65, 0x61, 0x6b, 0x3b, 
	0xa, 0x20, 0x20, 0x20, 0x20, 0x20, 0x20, 0x20, 0x20, 0x7d, 
	0xa, 0xa, 0x20, 0x20, 0x20, 0x20, 0x20, 0x20, 0x20, 0x20, 
	0x6c, 0x65, 0x74, 0x20, 0x72, 0x65, 0x63, 0x6f, 0x72, 0x64, 
	0x4f, 0x66, 0x66, 0x73, 0x65, 0x74, 0x20, 0x3d, 0x20, 0x6f, 
	0x66, 0x66, 0x73, 0x65, 0x74, 0x20, 0x2b, 0x20, 0x68, 0x65, 
	0x61, 0x64, 0x65, 0x72, 0x53, 0x69, 0x7a, 0x65, 0x3b, 0xa, 
	0x20, 0x20, 0x20, 0x20, 0x20, 0x20, 0x20, 0x20, 0x63, 0x6f, 
	0x6e, 0x73, 0x74, 0x20, 0x65, 0x6e, 0x64, 0x4f, 0x66, 0x56, 
	0x61, 0x6c, 0x69, 0x64, 0x44, 0x61, 0x74, 0x61, 0x20, 0x3d, 
	0x20, 0x6f, 0x66, 0x66, 0x73, 0x65, 0x74, 0x20, 0x2b, 0x20, 
	0x62, 0x6c, 0x6f, 0x63, 0x6b, 0x46, 0x69, 0x6c, 0x6c, 0x3b, 
	0xa, 0xa, 0x20, 0x20, 0x20, 0x20, 0x20, 0x20, 0x20, 0x20, 
	0x77, 0x68, 0x69, 0x6c, 0x65, 0x20, 0x28, 0x72, 0x65, 0x63, 
	0x6f, 0x72, 0x64, 0x4f, 0x66, 0x66, 0x73, 0x65, 0x74, 0x20, 
	0x2b, 0x20, 0x34, 0x20, 0x3c, 0x3d, 0x20, 0x65, 0x6e, 0x64, 
	0x4f, 0x66, 0x56, 0x61, 0x6c, 0x69, 0x64, 0x44, 0x61, 0x74, 
	0x61, 0x29, 0x20, 0x7b, 0xa, 0x20, 0x20, 0x20, 0x20, 0x20, 
	0x20, 0x20, 0x20, 0x20, 0x20, 0x63, 0x6f, 0x6e, 0x73, 0x74, 
	0x20, 0x74, 0x79, 0x70, 0x65, 0x20, 0x3d, 0x20, 0x76, 0x69, 
	0x65, 0x77, 0x2e, 0x67, 0x65, 0x74, 0x55, 0x69, 0x6e, 0x74, 
	0x38, 0x28, 0x72, 0x65, 0x63, 0x6f, 0x72, 0x64, 0x4f, 0x66, 
	0x66, 0x73, 0x65, 0x74, 0x29, 0x3b, 0xa, 0x20, 0x20, 0x20, 
	0x20, 0x20, 0x20, 0x20, 0x20, 0x20, 0x20, 0x63, 0x6f, 0x6e, 
	0x73, 0x74, 0x20, 0x68, 0x65, 0x61, 0x64, 0x65, 0x72, 0x5f, 
	0x6c, 0x65, 0x6e, 0x20, 0x3d, 0x20, 0x76, 0x69, 0x65, 0x77, 
	0x2e, 0x67, 0x65, 0x74, 0x55, 0x69, 0x6e, 0x74, 0x38, 0x28, 
	0x72, 0x65, 0x63, 0x6f, 0x72, 0x64, 0x4f, 0x66, 0x66, 0x73, 
	0x65, 0x74, 0x20, 0x2b, 0x20, 0x31, 0x29, 0x3b, 0xa, 0x20, 
	0x20, 0x20, 0x20, 0x20, 0x20, 0x20, 0x20, 0x20, 0x20, 0x63, 
	0x6f, 0x6e, 0x73, 0x74, 0x20, 0x74, 0x6f, 0x74, 0x61, 0x6c, 
	0x5f, 0x6c, 0x65, 0x6e, 0x20, 0x3d, 0x20, 0x76, 0x69, 0x65, 
	0x77, 0x2e, 0x67, 0x65, 0x74, 0x55, 0x69, 0x6e, 0x74, 0x31, 
	0x36, 0x28, 0x72, 0x65, 0x63, 0x6f, 0x72, 0x64, 0x4f, 0x66, 
	0x66, 0x73, 0x65, 0x74, 0x20, 0x2b, 0x20, 0x32, 0x2c, 0x20, 
	0x74, 0x72, 0x75, 0x65, 0x29, 0x3b, 0xa, 0xa, 0x20, 0x20, 
	0x20, 0x20, 0x20, 0x20, 0x20, 0x20, 0x20, 0x20, 0x69, 0x66, 
	0x20, 0x28, 0x72, 0x65, 0x63, 0x6f, 0x72, 0x64, 0x4f, 0x66, 
	0x66, 0x73, 0x65, 0x74, 0x20, 0x2b, 0x20, 0x74, 0x6f, 0x74, 
	0x61, 0x6c, 0x5f, 0x6c, 0x65, 0x6e, 0x20, 0x3e, 0x20, 0x65, 
	0x6e, 0x64, 0x4f, 0x66, 0x56, 0x61, 0x6c, 0x69, 0x64, 0x44, 
	0x61, 0x74, 0x61, 0x29, 0x20, 0x62, 0x72, 0x65, 0x61, 0x6b, 
	0x3b, 0xa, 0xa, 0x20, 0x20, 0x20, 0x20, 0x20, 0x20, 0x20, 
	0x20, 0x20, 0x20, 0x63, 0x6f, 0x6e, 0x73, 0x74, 0x20, 0x74, 
	0x69, 0x6d, 0x65, 0x73, 0x74, 0x61, 0x6d, 0x70, 0x20, 0x3d, 
	0x20, 0x76, 0x69, 0x65, 0x77, 0x2e, 0x67, 0x65, 0x74, 0x42, 
	0x69, 0x67, 0x55, 0x69, 0x6e, 0x74, 0x36, 0x34, 0x28, 0x72, 
	0x65, 0x63, 0x6f, 0x72, 0x64, 0x4f, 0x66, 0x66, 0x73, 0x65, 
	0x74, 0x20, 0x2b, 0x20, 0x34, 0x2c, 0x20, 0x74, 0x72, 0x75, 
	0x65, 0x29, 0x3b, 0xa, 0x20, 0x20, 0x20, 0x20, 0x20, 0x20, 
	0x20, 0x20, 0x20, 0x20, 0x63, 0x6f, 0x6e, 0x73, 0x74, 0x20, 
	0x63, 0x61, 0x6e, 0x5f, 0x69, 0x64, 0x20, 0x3d, 0x20, 0x76, 
	0x69, 0x65, 0x77, 0x2e, 0x67, 0x65, 0x74, 0x55, 0x69, 0x6e, 
	0x74, 0x33, 0x32, 0x28, 0x72, 0x65, 0x63, 0x6f, 0x72, 0x64, 
	0x4f, 0x66, 0x66, 0x73, 0x65, 0x74, 0x20, 0x2b, 0x20, 0x31, 
	0x32, 0x2c, 0x20, 0x74, 0x72, 0x75, 0x65, 0x29, 0x3b, 0xa, 
	0x20, 0x20, 0x20, 0x20, 0x20, 0x20, 0x20, 0x20, 0x20, 0x20, 
	0x63, 0x6f, 0x6e, 0x73, 0x74, 0x20, 0x64, 0x6c, 0x63, 0x20, 
	0x3d, 0x20, 0x76, 0x69, 0x65, 0x77, 0x2e, 0x67, 0x65, 0x74, 
	0x55, 0x69, 0x6e, 0x74, 0x38, 0x28, 0x72, 0x65, 0x63, 0x6f, 
	0x72, 0x64, 0x4f, 0x66, 0x66, 0x73, 0x65, 0x74, 0x20, 0x2b, 
	0x20, 0x31, 0x36, 0x29, 0x3b, 0xa, 0x20, 0x20, 0x20, 0x20, 
	0x20, 0x20, 0x20, 0x20, 0x20, 0x20, 0x63, 0x6f, 0x6e, 0x73, 
	0x74, 0x20, 0x66, 0x6c, 0x61, 0x67, 0x73, 0x20, 0x3d, 0x20, 
	0x76, 0x69, 0x65, 0x77, 0x2e, 0x67, 0x65, 0x74, 0x55, 0x69, 
	0x6e, 0x74, 0x38, 0x28, 0x72, 0x65, 0x63, 0x6f, 0x72, 0x64, 
	0x4f, 0x66, 0x66, 0x73, 0x65, 0x74, 0x20, 0x2b, 0x20, 0x31, 
	0x37, 0x29, 0x3b, 0xa, 0x20, 0x20, 0x20, 0x20, 0x20, 0x20, 
	0x20, 0x20, 0x20, 0x20, 0x63, 0x6f, 0x6e, 0x73, 0x74, 0x20, 
	0x62, 0x75, 0x73, 0x5f, 0x69, 0x64, 0x20, 0x3d, 0x20, 0x76, 
	0x69, 0x65, 0x77, 0x2e, 0x67, 0x65, 0x74, 0x55, 0x69, 0x6e, 
	0x74, 0x38, 0x28, 0x72, 0x65, 0x63, 0x6f, 0x72, 0x64, 0x4f, 
	0x66, 0x66, 0x73, 0x65, 0x74, 0x20, 0x2b, 0x20, 0x31, 0x38, 
	0x29, 0x3b, 0xa, 0x20, 0x20, 0x20, 0x20, 0x20, 0x20, 0x20, 
	0x20, 0x20, 0x20, 0x63, 0x6f, 0x6e, 0x73, 0x74, 0x20, 0x74, 
	0x69, 0x6d, 0x65, 0x73, 0x74, 0x61, 0x6d, 0x70, 0x53, 0x65, 
	0x63, 0x6f, 0x6e, 0x64, 0x73, 0x20, 0x3d, 0x20, 0x4e, 0x75, 
	0x6d, 0x62, 0x65, 0x72, 0x28, 0x74, 0x69, 0x6d, 0x65, 0x73, 
	0x74, 0x61, 0x6d, 0x70, 0x29, 0x20, 0x2f, 0x20, 0x31, 0x5f, 
	0x30, 0x30, 0x30, 0x5f, 0x30, 0x30, 0x30, 0x3b, 0xa, 0xa, 
	0x20, 0x20, 0x20, 0x20, 0x20, 0x20, 0x20, 0x20, 0x20, 0x20, 
	0x63, 0x6f, 0x6e, 0x73, 0x74, 0x20, 0x64, 0x61, 0x74, 0x61, 
	0x20, 0x3d, 0x20, 0x5b, 0x5d, 0x3b, 0xa, 0x20, 0x20, 0x20, 
	0x20, 0x20, 0x20, 0x20, 0x20, 0x20, 0x20, 0x69, 0x66, 0x20, 
	0x28, 0x74, 0x79, 0x70, 0x65, 0x20, 0x3d, 0x3d, 0x3d, 0x20, 
	0x31, 0x29, 0x20, 0x7b, 0x20, 0x2f, 0x2f, 0x20, 0x43, 0x41, 
	0x4e, 0x4c, 0x4f, 0x47, 0x5f, 0x43, 0x4c, 0x41, 0x53, 0x53, 
	0x49, 0x43, 0x5f, 0x54, 0x59, 0x50, 0x45, 0xa, 0x20, 0x20, 
	0x20, 0x20, 0x20, 0x20, 0x20, 0x20, 0x20, 0x20, 0x20, 0x20, 
	0x66, 0x6f, 0x72, 0x20, 0x28, 0x6c, 0x65, 0x74, 0x20, 0x69, 
	0x20, 0x3d, 0x20, 0x30, 0x3b, 0x20, 0x69, 0x20, 0x3c, 0x20, 
	0x38, 0x3b, 0x20, 0x69, 0x2b, 0x2b, 0x29, 0x20, 0x7b, 0xa, 
	0x20, 0x20, 0x20, 0x20, 0x20, 0x20, 0x20, 0x20, 0x20, 0x20, 
	0x20, 0x20, 0x20, 0x20, 0x64, 0x61, 0x74, 0x61, 0x2e, 0x70, 
	0x75, 0x73, 0x68, 0x28, 0x76, 0x69, 0x65, 0x77, 0x2e, 0x67, 
	0x65, 0x74, 0x55, 0x69, 0x6e, 0x74, 0x38, 0x28, 0x72, 0x65, 
	0x63, 0x6f, 0x72, 0x64, 0x4f, 0x66, 0x66, 0x73, 0x65, 0x74, 
	0x20, 0x2b, 0x20, 0x31, 0x39, 0x20, 0x2b, 0x20, 0x69, 0x29, 
	0x2e, 0x74, 0x6f, 0x53, 0x74, 0x72, 0x69, 0x6e, 0x67, 0x28, 
	0x31, 0x36, 0x29, 0x2e, 0x70, 0x61, 0x64, 0x53, 0x74, 0x61, 
	0x72, 0x74, 0x28, 0x32, 0x2c, 0x20, 0x27, 0x30, 0x27, 0x29, 
	0x29, 0x3b, 0xa, 0x20, 0x20, 0x20, 0x20, 0x20, 0x20, 0x20, 
	0x20, 0x20, 0x20, 0x20, 0x20, 0x7d, 0xa, 0xa, 0x20, 0x20, 
	0x20, 0x20, 0x20, 0x20, 0x20, 0x20, 0x20, 0x20, 0x20, 0x20, 
	0x65, 0x6e, 0x74, 0x72, 0x69, 0x65, 0x73, 0x2e, 0x70, 0x75, 
	0x73, 0x68, 0x28, 0x7b, 0xa, 0x20, 0x20, 0x20, 0x20, 0x20, 
	0x20, 0x20, 0x20, 0x20, 0x20, 0x20, 0x20, 0x20, 0x20, 0x74, 
	0x79, 0x70, 0x65, 0x3a, 0x20, 0x22, 0x43, 0x6c, 0x61, 0x73, 
	0x73, 0x69, 0x63, 0x22, 0x2c, 0xa, 0x20, 0x20, 0x20, 0x20, 
	0x20, 0x20, 0x20, 0x20, 0x20, 0x20, 0x20, 0x20, 0x20, 0x20, 
	0x74, 0x69, 0x6d, 0x65, 0x73, 0x74, 0x61, 0x6d, 0x70, 0x3a, 
	0x20, 0x74, 0x69, 0x6d, 0x65, 0x73, 0x74, 0x61, 0x6d, 0x70, 
	0x53, 0x65, 0x63, 0x6f, 0x6e, 0x64, 0x73, 0x2e, 0x74, 0x6f, 
	0x46, 0x69, 0x78, 0x65, 0x64, 0x28, 0x36, 0x29, 0x2c, 0xa, 
	0x20, 0x20, 0x20, 0x20, 0x20, 0x20, 0x20, 0x20, 0x20, 0x20, 
	0x20, 0x20, 0x20, 0x20, 0x63, 0x61, 0x6e, 0x5f, 0x69, 0x64, 
	0x2c, 0xa, 0x20, 0x20, 0x20, 0x20, 0x20, 0x20, 0x20, 0x20, 
	0x20, 0x20, 0x20, 0x20, 0x20, 0x20, 0x64, 0x6c, 0x63, 0x2c, 
	0xa, 0x20, 0x20, 0x20, 0x20, 0x20, 0x20, 0x20, 0x20, 0x20, 
	0x20, 0x20, 0x20, 0x20, 0x20, 0x66, 0x6c, 0x61, 0x67, 0x73, 
	0x2c, 0xa, 0x20, 0x20, 0x20, 0x20, 0x20, 0x20, 0x20, 0x20, 
	0x20, 0x20, 0x20, 0x20, 0x20, 0x20, 0x62, 0x75, 0x73, 0x5f, 
	0x69, 0x64, 0x2c, 0xa, 0x20, 0x20, 0x20, 0x20, 0x20, 0x20, 
	0x20, 0x20, 0x20, 0x20, 0x20, 0x20, 0x20, 0x20, 0x64, 0x61, 
	0x74, 0x61, 0xa, 0x20, 0x20, 0x20, 0x20, 0x20, 0x20, 0x20, 
	0x20, 0x20, 0x20, 0x20, 0x20, 0x7d, 0x29, 0x3b, 0xa, 0xa, 
	0x20, 0x20, 0x20, 0x20, 0x20, 0x20, 0x20, 0x20, 0x20, 0x20, 
	0x7d, 0x20, 0x65, 0x6c, 0x73, 0x65, 0x20, 0x69, 0x66, 0x20, 
	0x28, 0x74, 0x79, 0x70, 0x65, 0x20, 0x3d, 0x3d, 0x3d, 0x20, 
	0x32, 0x29, 0x20, 0x7b, 0x20, 0x2f, 0x2f, 0x20, 0x43, 0x41, 
	0x4e, 0x4c, 0x4f, 0x47, 0x5f, 0x46, 0x44, 0x5f, 0x54, 0x59, 
	0x50, 0x45, 0xa, 0x20, 0x20, 0x20, 0x20, 0x20, 0x20, 0x20, 
	0x20, 0x20, 0x20, 0x20, 0x20, 0x66, 0x6f, 0x72, 0x20, 0x28, 
	0x6c, 0x65, 0x74, 0x20, 0x69, 0x20, 0x3d, 0x20, 0x30, 0x3b, 
	0x20, 0x69, 0x20, 0x3c, 0x20, 0x36, 0x34, 0x3b, 0x20, 0x69, 
	0x2b, 0x2b, 0x29, 0x20, 0x7b, 0xa, 0x20, 0x20, 0x20, 0x20, 
	0x20, 0x20, 0x20, 0x20, 0x20, 0x20, 0x20, 0x20, 0x20, 0x20, 
	0x64, 0x61, 0x74, 0x61, 0x2e, 0x70, 0x75, 0x73, 0x68, 0x28, 
	0x76, 0x69, 0x65, 0x77, 0x2e, 0x67, 0x65, 0x74, 0x55, 0x69, 
	0x6e, 0x74, 0x38, 0x28, 0x72, 0x65, 0x63, 0x6f, 0x72, 0x64, 
	0x4f, 0x66, 0x66, 0x73, 0x65, 0x74, 0x20, 0x2b, 0x20, 0x31, 
	0x39, 0x20, 0x2b, 0x20, 0x69, 0x29, 0x2e, 0x74, 0x6f, 0x53, 
	0x74, 0x72, 0x69, 0x6e, 0x67, 0x28, 0x31, 0x36, 0x29, 0x2e, 
	0x70, 0x61, 0x64, 0x53, 0x74, 0x61, 0x72, 0x74, 0x28, 0x32, 
	0x2c, 0x20, 0x27, 0x30, 0x27, 0x29, 0x29, 0x3b, 0xa, 0x20, 
	0x20, 0x20, 0x20, 0x20, 0x20, 0x20, 0x20, 0x20, 0x20, 0x20, 
	0x20, 0x7d, 0xa, 0xa, 0x20, 0x20, 0x20, 0x20, 0x20, 0x20, 
	0x20, 0x20, 0x20, 0x20, 0x20, 0x20, 0x65, 0x6e, 0x74, 0x72, 
	0x69, 0x65, 0x73, 0x2e, 0x70, 0x75, 0x73, 0x68, 0x28, 0x7b, 
	0xa, 0x20, 0x20, 0x20, 0x20, 0x20, 0x20, 0x20, 0x20, 0x20, 
	0x20, 0x20, 0x20, 0x20, 0x20, 0x74, 0x79, 0x70, 0x65, 0x3a, 
	0x20, 0x22, 0x46, 0x44, 0x22, 0x2c, 0xa, 0x20, 0x20, 0x20, 
	0x20, 0x20, 0x20, 0x20, 0x20, 0x20, 0x20, 0x20, 0x20, 0x20, 
	0x20, 0x74, 0x69, 0x6d, 0x65, 0x73, 0x74, 0x61, 0x6d, 0x70, 
	0x3a, 0x20, 0x74, 0x69, 0x6d, 0x65, 0x73, 0x74, 0x61, 0x6d, 
	0x70, 0x53, 0x65, 0x63, 0x6f, 0x6e, 0x64, 0x73, 0x2e, 0x74, 
	0x6f, 0x46, 0x69, 0x78, 0x65, 0x64, 0x28, 0x36, 0x29, 0x2c, 
	0xa, 0x20, 0x20, 0x20, 0x20, 0x20, 0x20, 0x20, 0x20, 0x20, 
	0x20, 0x20, 0x20, 0x20, 0x20, 0x63, 0x61, 0x6e, 0x5f, 0x69, 
	0x64, 0x2c, 0xa, 0x20, 0x20, 0x20, 0x20, 0x20, 0x20, 0x20, 
	0x20, 0x20, 0x20, 0x20, 0x20, 0x20, 0x20, 0x64, 0x6c, 0x63, 
	0x2c, 0xa, 0x20, 0x20, 0x20, 0x20, 0x20, 0x20, 0x20, 0x20, 
	0x20, 0x20, 0x20, 0x20, 0x20, 0x20, 0x66, 0x6c, 0x61, 0x67, 
	0x73, 0x2c, 0xa, 0x20, 0x20, 0x20, 0x20, 0x20, 0x20, 0x20, 
	0x20, 0x20, 0x20, 0x20, 0x20, 0x20, 0x20, 0x62, 0x75, 0x73, 
	0x5f, 0x69, 0x64, 0x2c, 0xa, 0x20, 0x20, 0x20, 0x20, 0x20, 
	0x20, 0x20, 0x20, 0x20, 0x20, 0x20, 0x20, 0x20, 0x20, 0x64, 
	0x61, 0x74, 0x61, 0xa, 0x20, 0x20, 0x20, 0x20, 0x20, 0x20, 
	0x20, 0x20, 0x20, 0x20, 0x20, 0x20, 0x7d, 0x29, 0x3b, 0xa, 
	0xa, 0x20, 0x20, 0x20, 0x20, 0x20, 0x20, 0x20, 0x20, 0x20, 
	0x20, 0x7d, 0x20, 0x65, 0x6c, 0x73, 0x65, 0x20, 0x7b, 0xa, 
	0x20, 0x20, 0x20, 0x20, 0x20, 0x20, 0x20, 0x20, 0x20, 0x20, 
	0x20, 0x20, 0x63, 0x6f, 0x6e, 0x73, 0x6f, 0x6c, 0x65, 0x2e, 
	0x77, 0x61, 0x72, 0x6e, 0x28, 0x22, 0x55, 0x6e, 0x73, 0x75, 
	0x70, 0x70, 0x6f, 0x72, 0x74, 0x65, 0x64, 0x20, 0x66, 0x72, 
	0x61, 0x6d, 0x65, 0x20, 0x74, 0x79, 0x70, 0x65, 0x20, 0x61, 
	0x74, 0x20, 0x6f, 0x66, 0x66, 0x73, 0x65, 0x74, 0x22, 0x2c, 
	0x20, 0x72, 0x65, 0x63, 0x6f, 0x72, 0x64, 0x4f, 0x66, 0x66, 
	0x73, 0x65, 0x74, 0x2c, 0x20, 0x22, 0x74, 0x79, 0x70, 0x65, 
	0x20, 0x3d, 0x22, 0x2c, 0x20, 0x74, 0x79, 0x70, 0x65, 0x29, 
	0x3b, 0xa, 0x20, 0x20, 0x20, 0x20, 0x20, 0x20, 0x20, 0x20, 
	0x20, 0x20, 0x7d, 0xa, 0xa, 0x20, 0x20, 0x20, 0x20, 0x20, 
	0x20, 0x20, 0x20, 0x20, 0x20, 0x72, 0x65, 0x63, 0x6f, 0x72, 
	0x64, 0x4f, 0x66, 0x66, 0x73, 0x65, 0x74, 0x20, 0x2b, 0x3d, 
	0x20, 0x74, 0x6f, 0x74, 0x61, 0x6c, 0x5f, 0x6c, 0x65, 0x6e, 
	0x3b, 0xa, 0x20, 0x20, 0x20, 0x20, 0x20, 0x20, 0x20, 0x20, 
	0x7d, 0xa, 0xa, 0x20, 0x20, 0x20, 0x20, 0x20, 0x20, 0x20, 
	0x20, 0x6f, 0x66, 0x66, 0x73, 0x65, 0x74, 0x20, 0x2b, 0x3d, 
	0x20, 0x62, 0x6c, 0x6f, 0x63, 0x6b, 0x53, 0x69, 0x7a, 0x65, 
	0x3b, 0x20, 0x2f, 0x2f, 0x20, 0x6d, 0x6f, 0x76, 0x65, 0x20, 
	0x74, 0x6f, 0x20, 0x74, 0x68, 0x65, 0x20, 0x6e, 0x65, 0x78, 
	0x74, 0x20, 0x62, 0x6c, 0x6f, 0x63, 0x6b, 0xa, 0x20, 0x20, 
	0x20, 0x20, 0x20, 0x20, 0x7d, 0xa, 0xa, 0x20, 0x20, 0x20, 
	0x20, 0x20, 0x20, 0x72, 0x65, 0x74, 0x75, 0x72, 0x6e, 0x20, 
	0x65, 0x6e, 0x74, 0x72, 0x69, 0x65, 0x73, 0x3b, 0xa, 0x20, 
	0x20, 0x20, 0x20, 0x7d, 0xa, 0xa, 0x20, 0x20, 0x20, 0x20, 
	0x66, 0x75, 0x6e, 0x63, 0x74, 0x69, 0x6f, 0x6e, 0x20, 0x64, 
	0x69, 0x73, 0x70, 0x6c, 0x61, 0x79, 0x45, 0x6e, 0x74, 0x72, 
	0x69, 0x65, 0x73, 0x28, 0x65, 0x6e, 0x74, 0x72, 0x69, 0x65, 
	0x73, 0x29, 0x20, 0x7b, 0xa, 0x20, 0x20, 0x20, 0x20, 0x20, 
	0x20, 0x20, 0x20, 0x63, 0x6f, 0x6e, 0x73, 0x74, 0x20, 0x74, 
	0x61, 0x62, 0x6c, 0x65, 0x20, 0x3d, 0x20, 0x64, 0x6f, 0x63, 
	0x75, 0x6d, 0x65, 0x6e, 0x74, 0x2e, 0x67, 0x65, 0x74, 0x45, 
	0x6c, 0x65, 0x6d, 0x65, 0x6e, 0x74, 0x42, 0x79, 0x49, 0x64, 
	0x28, 0x22, 0x6c, 0x6f, 0x67, 0x54, 0x61, 0x62, 0x6c, 0x65, 
	0x22, 0x29, 0x3b, 0xa, 0x20, 0x20, 0x20, 0x20, 0x20, 0x20, 
	0x20, 0x20, 0x63, 0x6f, 0x6e, 0x73, 0x74, 0x20, 0x74, 0x62, 
	0x6f, 0x64, 0x79, 0x20, 0x3d, 0x20, 0x74, 0x61, 0x62, 0x6c, 
	0x65, 0x2e, 0x71, 0x75, 0x65, 0x72, 0x79, 0x53, 0x65, 0x6c, 
	0x65, 0x63, 0x74, 0x6f, 0x72, 0x28, 0x22, 0x74, 0x62, 0x6f, 
	0x64, 0x79, 0x22, 0x29, 0x3b, 0xa, 0x20, 0x20, 0x20, 0x20, 
	0x20, 0x20, 0x20, 0x20, 0x74, 0x62, 0x6f, 0x64, 0x79, 0x2e, 
	0x69, 0x6e, 0x6e, 0x65, 0x72, 0x48, 0x54, 0x4d, 0x4c, 0x20, 
	0x3d, 0x20, 0x22, 0x22, 0x3b, 0xa, 0x20, 0x20, 0x20, 0x20, 
	0x20, 0x20, 0x20, 0x20, 0x65, 0x6e, 0x74, 0x72, 0x69, 0x65, 
	0x73, 0x2e, 0x66, 0x6f, 0x72, 0x45, 0x61, 0x63, 0x68, 0x28, 
	0x28, 0x65, 0x6e, 0x74, 0x72, 0x79, 0x2c, 0x20, 0x69, 0x6e, 
	0x64, 0x65, 0x78, 0x29, 0x20, 0x3d, 0x3e, 0x20, 0x7b, 0xa, 
	0x20, 0x20, 0x20, 0x20, 0x20, 0x20, 0x20, 0x20, 0x20, 0x20, 
	0x20, 0x20, 0x63, 0x6f, 0x6e, 0x73, 0x74, 0x20, 0x72, 0x6f, 
	0x77, 0x20, 0x3d, 0x20, 0x64, 0x6f, 0x63, 0x75, 0x6d, 0x65, 
	0x6e, 0x74, 0x2e, 0x63, 0x72, 0x65, 0x61, 0x74, 0x65, 0x45, 
	0x6c, 0x65, 0x6d, 0x65, 0x6e, 0x74, 0x28, 0x22, 0x74, 0x72, 
	0x22, 0x29, 0x3b, 0xa, 0x20, 0x20, 0x20, 0x20, 0x20, 0x20, 
	0x20, 0x20, 0x20, 0x20, 0x20, 0x20, 0x72, 0x6f, 0x77, 0x2e, 
	0x69, 0x6e, 0x6e, 0x65, 0x72, 0x48, 0x54, 0x4d, 0x4c, 0x20, 
	0x3d, 0x20, 0x60, 0xa, 0x20, 0x20, 0x20, 0x20, 0x20, 0x20, 
	0x20, 0x20, 0x20, 0x20, 0x20, 0x20, 0x3c, 0x74, 0x64, 0x3e, 
	0x24, 0x7b, 0x69, 0x6e, 0x64, 0x65, 0x78, 0x20, 0x2b, 0x20, 
	0x31, 0x7d, 0x3c, 0x2f, 0x74, 0x64, 0x3e, 0xa, 0x20, 0x20, 
	0x20, 0x20, 0x20, 0x20, 0x20, 0x20, 0x20, 0x20, 0x20, 0x20, 
	0x3c, 0x74, 0x64, 0x3e, 0x24, 0x7b, 0x65, 0x6e, 0x74, 0x72, 
	0x79, 0x2e, 0x74, 0x69, 0x6d, 0x65, 0x73, 0x74, 0x61, 0x6d, 
	0x70, 0x7d, 0x3c, 0x2f, 0x74, 0x64, 0x3e, 0xa, 0x20, 0x20, 
	0x20, 0x20, 0x20, 0x20, 0x20, 0x20, 0x20, 0x20, 0x20, 0x20, 
	0x3c, 0x74, 0x64, 0x3e, 0x30, 0x78, 0x24, 0x7b, 0x65, 0x6e, 
	0x74, 0x72, 0x79, 0x2e, 0x63, 0x61, 0x6e, 0x5f, 0x69, 0x64, 
	0x2e, 0x74, 0x6f, 0x53, 0x74, 0x72, 0x69, 0x6e, 0x67, 0x28, 
	0x31, 0x36, 0x29, 0x2e, 0x74, 0x6f, 0x55, 0x70, 0x70, 0x65, 
	0x72, 0x43, 0x61, 0x73, 0x65, 0x28, 0x29, 0x7d, 0x3c, 0x2f, 
	0x74, 0x64, 0x3e, 0xa, 0x20, 0x20, 0x20, 0x20, 0x20, 0x20, 
	0x20, 0x20, 0x20, 0x20, 0x20, 0x20, 0x3c, 0x74, 0x64, 0x3e, 
	0x24, 0x7b, 0x65, 0x6e, 0x74, 0x72, 0x79, 0x2e, 0x64, 0x6c, 
	0x63, 0x7d, 0x3c, 0x2f, 0x74, 0x64, 0x3e, 0xa, 0x20, 0x20, 
	0x20, 0x20, 0x20, 0x20, 0x20, 0x20, 0x20, 0x20, 0x20, 0x20, 
	0x3c, 0x74, 0x64, 0x3e, 0x24, 0x7b, 0x65, 0x6e, 0x74, 0x72, 
	0x79, 0x2e, 0x64, 0x61, 0x74, 0x61, 0x2e, 0x6a, 0x6f, 0x69, 
	0x6e, 0x28, 0x27, 0x20, 0x27, 0x29, 0x7d, 0x3c, 0x2f, 0x74, 
	0x64, 0x3e, 0xa, 0x20, 0x20, 0x20, 0x20, 0x20, 0x20, 0x20, 
	0x20, 0x20, 0x20, 0x20, 0x20, 0x3c, 0x74, 0x64, 0x3e, 0x24, 
	0x7b, 0x65, 0x6e, 0x74, 0x72, 0x79, 0x2e, 0x74, 0x79, 0x70, 
	0x65, 0x7d, 0x3c, 0x2f, 0x74, 0x64, 0x3e, 0xa, 0x20, 0x20, 
	0x20, 0x20, 0x20, 0x20, 0x20, 0x20, 0x20, 0x20, 0x20, 0x20, 
	0x60, 0x3b, 0xa, 0x20, 0x20, 0x20, 0x20, 0x20, 0x20, 0x20, 
	0x20, 0x20, 0x20, 0x20, 0x20, 0x74, 0x62, 0x6f, 0x64, 0x79, 
	0x2e, 0x61, 0x70, 0x70, 0x65, 0x6e, 0x64, 0x43, 0x68, 0x69, 
	0x6c, 0x64, 0x28, 0x72, 0x6f, 0x77, 0x29, 0x3b, 0xa, 0x20, 
	0x20, 0x20, 0x20, 0x20, 0x20, 0x20, 0x20, 0x7d, 0x29, 0x3b, 
	0xa, 0x20, 0x20, 0x20, 0x20, 0x20, 0x20, 0x20, 0x20, 0x74, 
	0x61, 0x62, 0x6c, 0x65, 0x2e, 0x73, 0x74, 0x79, 0x6c, 0x65, 
	0x2e, 0x64, 0x69, 0x73, 0x70, 0x6c, 0x61, 0x79, 0x20, 0x3d, 
	0x20, 0x22, 0x74, 0x61, 0x62, 0x6c, 0x65, 0x22, 0x3b, 0xa, 
	0x20, 0x20, 0x20, 0x20, 0x7d, 0xa, 0xa, 0x20, 0x20, 0x20, 
	0x20, 0x64, 0x6f, 0x63, 0x75, 0x6d, 0x65, 0x6e, 0x74, 0x2e, 
	0x67, 0x65, 0x74, 0x45, 0x6c, 0x65, 0x6d, 0x65, 0x6e, 0x74, 
	0x42, 0x79, 0x49, 0x64, 0x28, 0x22, 0x6c, 0x6f, 0x67, 0x66, 
	0x69, 0x6c, 0x65, 0x22, 0x29, 0x2e, 0x61, 0x64, 0x64, 0x45, 
	0x76, 0x65, 0x6e, 0x74, 0x4c, 0x69, 0x73, 0x74, 0x65, 0x6e, 
	0x65, 0x72, 0x28, 0x22, 0x63, 0x68, 0x61, 0x6e, 0x67, 0x65, 
	0x22, 0x2c, 0x20, 0x61, 0x73, 0x79, 0x6e, 0x63, 0x20, 0x28, 
	0x65, 0x76, 0x65, 0x6e, 0x74, 0x29, 0x20, 0x3d, 0x3e, 0x20, 
	0x7b, 0xa, 0x20, 0x20, 0x20, 0x20, 0x20, 0x20, 0x63, 0x6f, 
	0x6e, 0x73, 0x74, 0x20, 0x66, 0x69, 0x6c, 0x65, 0x20, 0x3d, 
	0x20, 0x65, 0x76, 0x65, 0x6e, 0x74, 0x2e, 0x74, 0x61, 0x72, 
	0x67, 0x65, 0x74, 0x2e, 0x66, 0x69, 0x6c, 0x65, 0x73, 0x5b, 
	0x30, 0x5d, 0x3b, 0xa, 0x20, 0x20, 0x20, 0x20, 0x20, 0x20, 
	0x69, 0x66, 0x20, 0x28, 0x21, 0x66, 0x69, 0x6c, 0x65, 0x29, 
	0x20, 0x72, 0x65, 0x74, 0x75, 0x72, 0x6e, 0x3b, 0xa, 0xa, 
	0x20, 0x20, 0x20, 0x20, 0x20, 0x20, 0x63, 0x6f, 0x6e, 0x73, 
	0x74, 0x20, 0x62, 0x75, 0x66, 0x66, 0x65, 0x72, 0x20, 0x3d, 
	0x20, 0x61, 0x77, 0x61, 0x69, 0x74, 0x20, 0x66, 0x69, 0x6c, 
	0x65, 0x2e, 0x61, 0x72, 0x72, 0x61, 0x79, 0x42, 0x75, 0x66, 
	0x66, 0x65, 0x72, 0x28, 0x29, 0x3b, 0xa, 0x20, 0x20, 0x20, 
	0x20, 0x20, 0x20, 0x63, 0x6f, 0x6e, 0x73, 0x74, 0x20, 0x65, 
	0x6e, 0x74, 0x72, 0x69, 0x65, 0x73, 0x20, 0x3d, 0x20, 0x70, 
	0x61, 0x72, 0x73, 0x65, 0x43, 0x61, 0x6e, 0x4c, 0x6f, 0x67, 
	0x28, 0x62, 0x75, 0x66, 0x66, 0x65, 0x72, 0x29, 0x3b, 0xa, 
	0x20, 0x20, 0x20, 0x20, 0x20, 0x20, 0x64, 0x69, 0x73, 0x70, 
	0x6c, 0x61, 0x79, 0x45, 0x6e, 0x74, 0x72, 0x69, 0x65, 0x73, 
	0x28, 0x65, 0x6e, 0x74, 0x72, 0x69, 0x65, 0x73, 0x29, 0x3b, 
	0xa, 0x20, 0x20, 0x20, 0x20, 0x7d, 0x29, 0x3b, 0xa, 0x20, 
	0x20, 0x20, 0x20, 0xa, 0x20, 0x20, 0x20, 0x20, 0x3c, 0x2f, 
	0x73, 0x63, 0x72, 0x69, 0x70, 0x74, 0x3e, 0xa, 0x3c, 0x2f, 
	0x62, 0x6f, 0x64, 0x79, 0x3e, 0xa, 0x3c, 0x2f, 0x68, 0x74, 
	0x6d, 0x6c, 0x3e, 0xa, };

const struct fsdata_file file_index_html[] = {{NULL, data_index_html, data_index_html + 12, sizeof(data_index_html) - 12, FS_FILE_FLAGS_HEADER_INCLUDED | FS_FILE_FLAGS_HEADER_PERSISTENT}};

const struct fsdata_file file_can_shtml[] = {{file_index_html, data_can_shtml, data_can_shtml + 11, sizeof(data_can_shtml) - 11, FS_FILE_FLAGS_HEADER_INCLUDED | FS_FILE_FLAGS_HEADER_PERSISTENT}};

const struct fsdata_file file_404_html[] = {{file_can_shtml, data_404_html, data_404_html + 10, sizeof(data_404_html) - 10, FS_FILE_FLAGS_HEADER_INCLUDED | FS_FILE_FLAGS_HEADER_PERSISTENT}};

const struct fsdata_file file_files_logo_jpg[] = {{file_404_html, data_files_logo_jpg, data_files_logo_jpg + 16, sizeof(data_files_logo_jpg) - 16, FS_FILE_FLAGS_HEADER_INCLUDED | FS_FILE_FLAGS_HEADER_PERSISTENT}};

const struct fsdata_file file_can_trace_shtml[] = {{file_files_logo_jpg, data_can_trace_shtml, data_can_trace_shtml + 17, sizeof(data_can_trace_shtml) - 17, FS_FILE_FLAGS_HEADER_INCLUDED | FS_FILE_FLAGS_HEADER_PERSISTENT}};

#define FS_ROOT file_can_trace_shtml

#define FS_NUMFILES 5
